/*
SQLyog Enterprise - MySQL GUI v8.05 
MySQL - 5.0.51a-community-nt : Database - kkmms
*********************************************************************
*/

/*!40101 SET NAMES utf8 */;

/*!40101 SET SQL_MODE=''*/;

/*!40014 SET @OLD_FOREIGN_KEY_CHECKS=@@FOREIGN_KEY_CHECKS, FOREIGN_KEY_CHECKS=0 */;
/*!40101 SET @OLD_SQL_MODE=@@SQL_MODE, SQL_MODE='NO_AUTO_VALUE_ON_ZERO' */;

CREATE DATABASE /*!32312 IF NOT EXISTS*/`kkmms` /*!40100 DEFAULT CHARACTER SET latin1 */;

USE `kkmms`;

/*Table structure for table `buku_besar` */

DROP TABLE IF EXISTS `buku_besar`;

CREATE TABLE `buku_besar` (
  `Tanggal` varchar(7) NOT NULL,
  `Mutasi_Debet` decimal(10,0) default NULL,
  `Mutasi_Kredit` decimal(10,0) default NULL,
  `Saldo_Per_Tanggal` double default NULL,
  PRIMARY KEY  (`Tanggal`)
) ENGINE=InnoDB DEFAULT CHARSET=latin1;

/*Data for the table `buku_besar` */

/*Table structure for table `buku_besar_harian` */

DROP TABLE IF EXISTS `buku_besar_harian`;

CREATE TABLE `buku_besar_harian` (
  `Tanggal` varchar(10) NOT NULL,
  `No_perkiraan` varchar(13) NOT NULL,
  `Nama_perkiraan` varchar(36) default NULL,
  `Mutasi_Debet` decimal(10,0) default NULL,
  `Mutasi_Kredit` decimal(10,0) default NULL,
  `saldo` double default NULL,
  `saldo_awal` double default NULL,
  `Keterangan` varchar(30) default NULL,
  `Jenis_Jurnal` varchar(2) default NULL,
  `No_Bukti` varchar(20) default NULL,
  PRIMARY KEY  (`Tanggal`,`No_perkiraan`)
) ENGINE=InnoDB DEFAULT CHARSET=latin1;

/*Data for the table `buku_besar_harian` */

/*Table structure for table `buku_besar_pembantu` */

DROP TABLE IF EXISTS `buku_besar_pembantu`;

CREATE TABLE `buku_besar_pembantu` (
  `Tanggal` varchar(7) NOT NULL,
  `No_perkiraan` varchar(13) NOT NULL,
  `Nama_perkiraan` varchar(36) default NULL,
  `Mutasi_Debet` decimal(10,0) default NULL,
  `Mutasi_Kredit` decimal(10,0) default NULL,
  `saldo` double default NULL,
  `saldo_awal` double default NULL,
  PRIMARY KEY  (`Tanggal`,`No_perkiraan`)
) ENGINE=InnoDB DEFAULT CHARSET=latin1;

/*Data for the table `buku_besar_pembantu` */

/*Table structure for table `catatan_neraca` */

DROP TABLE IF EXISTS `catatan_neraca`;

CREATE TABLE `catatan_neraca` (
  `Group_Catatan` varchar(36) NOT NULL,
  `No_perkiraan` varchar(13) NOT NULL,
  `Nama_perkiraan` varchar(36) default NULL,
  `Tanggal_Now` varbinary(10) default NULL,
  `Total_Now` double default NULL,
  `Tanggal_Old` varchar(10) default NULL,
  `Total_Old` double default NULL,
  PRIMARY KEY  (`Group_Catatan`,`No_perkiraan`)
) ENGINE=InnoDB DEFAULT CHARSET=latin1;

/*Data for the table `catatan_neraca` */

/*Table structure for table `catatan_pos` */

DROP TABLE IF EXISTS `catatan_pos`;

CREATE TABLE `catatan_pos` (
  `Group_Catatan` varchar(36) NOT NULL,
  `No_perkiraan` varchar(13) NOT NULL,
  `Nama_perkiraan` varchar(36) default NULL,
  `Tanggal_Now` varbinary(10) default NULL,
  `Total_Now` double default NULL,
  `Tanggal_Old` varchar(10) default NULL,
  `Total_Old` double default NULL,
  PRIMARY KEY  (`Group_Catatan`,`No_perkiraan`)
) ENGINE=InnoDB DEFAULT CHARSET=latin1;

/*Data for the table `catatan_pos` */

/*Table structure for table `categories` */

DROP TABLE IF EXISTS `categories`;

CREATE TABLE `categories` (
  `CategoryID` tinyint(5) unsigned NOT NULL auto_increment,
  `CategoryName` varchar(15) character set utf8 collate utf8_unicode_ci NOT NULL default '',
  `Description` mediumtext character set utf8 collate utf8_unicode_ci NOT NULL,
  `Picture` varchar(50) character set utf8 collate utf8_unicode_ci NOT NULL default '',
  PRIMARY KEY  (`CategoryID`),
  UNIQUE KEY `Uidx_categories_category_name` (`CategoryName`)
) ENGINE=InnoDB AUTO_INCREMENT=34 DEFAULT CHARSET=utf8;

/*Data for the table `categories` */

insert  into `categories`(`CategoryID`,`CategoryName`,`Description`,`Picture`) values (1,'Minuman','Minuman ringan, kopi, teh','beverages.gif'),(2,'Bumbu','Saus, Kecap, Penyedap','condiments.gif'),(3,'Pakaian dan Han','Baju, Celana, Kaos, Jaket','confections.gif'),(4,'Produk SUSU','Susu, Keju','diary.gif'),(5,'Biji-bijian/Ser','Kacang, Kedelai, pasta, dan sereal','cereals.gif'),(6,'Peralatan mandi','sabun ,pasta dll','meat.gif'),(7,'Produce','Dried fruit and bean curd','produce.gif'),(8,'Seafood','Rumput laut dan ikan','seafood.gif'),(9,'Uncategore','Tidak terkategori',''),(10,'Elektronik','TV, Radio, Kipas angin, Computer, Laptop, Lampu',''),(11,'Alat Tulis Kant','Buku, Bulpoin',''),(12,'Bahan Pokok - S','Beras, Gula',''),(13,'Bahan Kue','Tepung, Bubuk Soda',''),(14,'Keperluan Bayi','Pempers, Botol Susu',''),(15,'Kosmetik','Bedak, Parfum, Pelembab',''),(16,'Mainan','Mobil-mobilan, boneka',''),(17,'Bahan Pokok','Roti, Mie, Biskuit',''),(18,'Keperluan Rumah','Panci, Baskom, Dandang, Wajan',''),(19,'Makanan Hewan','Palet',''),(20,'Obat dan Keseha','Obat Sirup, Obat Pil, Obat Tempel, Obat Gosok',''),(21,'Pembersih','Sabun, Pasta gigi, Sampoo, Faselform, Pembersih Lantai, Detergen',''),(22,'Peralatan sapi','Topi, Raket, Bola',''),(23,'Perlengkapan Li','Stop Contact, Kabel, Lampu',''),(24,'Perlengkapan Ru','Keset, Sapu, Tikar, Kasur, Bantal',''),(25,'Rokok','Rokok',''),(26,'Obat Hewan','obat-obatan Hewan',''),(27,'Palen','Jas Hujan,pecah belah,peralatan',''),(28,'Acesories','tas,payung,jepit dll',''),(29,'Susu dan madu','bergaia jenis susu dan merk',''),(30,'Sepatu Sandal','sepatu,sandal boot',''),(31,'Makanan ringan','camilan, permen dll\r\n',''),(32,'Buah','Buah',''),(33,'Machung Merch','Machung Merch','');

/*Table structure for table `customers` */

DROP TABLE IF EXISTS `customers`;

CREATE TABLE `customers` (
  `CustomerID` varchar(20) character set utf8 collate utf8_unicode_ci NOT NULL default '',
  `No_Induk` int(11) default NULL,
  `ID_KA_Kelompok` int(11) default NULL,
  `Name` varchar(60) character set utf8 collate utf8_unicode_ci NOT NULL default '',
  `Address` varchar(60) character set utf8 collate utf8_unicode_ci default '',
  `Dukuh` varchar(20) character set utf8 collate utf8_unicode_ci NOT NULL default '',
  `Kelurahan` varchar(20) character set utf8 collate utf8_unicode_ci NOT NULL default '',
  `RTRW` varchar(10) character set utf8 collate utf8_unicode_ci default '',
  `Gender` varchar(15) character set utf8 collate utf8_unicode_ci default '',
  `FlagKetuaKelompok` tinyint(1) NOT NULL default '0',
  `Keterangan` varchar(50) character set utf8 collate utf8_unicode_ci default '',
  `Status_Anggota` tinyint(1) default '1',
  PRIMARY KEY  (`CustomerID`),
  KEY `idx_customers_company_name` (`Name`),
  KEY `idx_customers_city` (`Dukuh`),
  KEY `idx_customers_region` (`Kelurahan`),
  KEY `idx_customers_postalcode` (`RTRW`)
) ENGINE=InnoDB DEFAULT CHARSET=utf8;

/*Data for the table `customers` */

insert  into `customers`(`CustomerID`,`No_Induk`,`ID_KA_Kelompok`,`Name`,`Address`,`Dukuh`,`Kelurahan`,`RTRW`,`Gender`,`FlagKetuaKelompok`,`Keterangan`,`Status_Anggota`) values ('1',1,NULL,'No Pelanggan','','','','','',0,'',1),('A12000001',20160016,NULL,'apt. Eva Monica, S.Farm., M.Sc.','','','','','',0,'Pengurus',1),('A12000002',20160002,NULL,'apt. Rollando, S.Farm., M.Sc.','','','','','',0,'',1),('A12000003',20070039,NULL,'Windra Swastika, S.Kom., MT., Ph.D.','','','','','',0,'Pengurus',1),('A12000004',20070070,NULL,'Ni Putu Ayu Pramanasari, SS.','','','','','',0,'Pengurus',1),('A12000005',20100047,NULL,'Ronald Dwi Nompunu, M.T.','','','','','',0,'Pengurus',1),('A12000006',20070008,NULL,'Puspita Agustina, S.P.','','','','','',0,'',1),('A12000007',20070067,NULL,'Peter Remy Yosy Pasla, SE., M.Bus.','','','','','',0,'Pengurus',1),('A12000008',20100023,NULL,'Sahala Manalu, SE., MM.','','','','','',0,'Pengurus',1),('A12000009',20090018,NULL,'Dian Wijayanti, SE., M.Sc.','','','','','',0,'',1),('A12000010',20180009,NULL,'Matheus Randy Prabowo, S.Si','','','','','',0,'',1),('A12000011',20110054,NULL,'Yefi Farida','','','','','',0,'',1),('A12000012',20110025,NULL,'Natalia Erlika Dwi Kartikasari, ST., MM.','','','','','',0,'',1),('A12000013',20190010,NULL,'Dr. Murpin Josua Sembiring, SE., M.Si','','','','','',0,'',1),('A12000014',20100046,NULL,'Neni Dyahandajani, S.Sos.','','','','','',0,'',1),('A12000015',20080017,NULL,'Yurida Ekawati, ST., M.Com.','','','','','',0,'',1),('A12000016',20150014,NULL,'S. Alfisyah Nur Aziza, S.Si.','','','','','',0,'',1),('A12000017',20180012,NULL,'Dr. Seno Aji Wahyono, SE., MM','','','','','',0,'',1),('A12000018',20070015,NULL,'Sugeng Riadi','','','','','',0,'',1),('A12000019',20100005,NULL,'Paulus Lucky Tirma Irawan, S.Kom., MT.','','','','','',0,'',1),('A12000020',20070035,NULL,'Dr. Eng. Romy Budhi Widodo','','','','','',0,'',1),('A12000021',20070016,NULL,'Janviera Adriana Nugrahani, SE.,S.Kom.','','','','','',0,'',1),('A12000022',20100003,NULL,'Sunday Alexander Theophilus Noya, ST., MProcMgnt.','','','','','',0,'',1),('A12000023',20070072,NULL,'Dr. Anna Triwijayati, SE., M.Si.','','','','','',0,'',1),('A12000024',20080042,NULL,'Rudy Setiawan, S.Si., MT.','','','','','',0,'',1),('A12000025',20120035,NULL,'Kestrilia Rega Prilianti, S.Si., M.Si.','','','','','',0,'',1),('A12000026',20070024,NULL,'Titik Roemiati, SIP.','','','','','',0,'',1),('A12000027',20080008,NULL,'Novie Maria Setiawati, SIP','','','','','',0,'',1),('A12000028',20150001,NULL,'Yuswono Hadi, ST., MT.','','','','','',0,'',1),('A12000029',20170008,NULL,'Gregorius Seran, SS.','','','','','',0,'',1),('A12000030',20100006,NULL,'Hendry Setiawan, ST., M.Kom.','','','','','',0,'',1),('A12000031',20070057,NULL,'Welly Prasetyo Hardjono, S.Kom.','','','','','',0,'',1),('A12000032',20180005,NULL,'apt. FX. Haryanto Susanto, S.Si., M.Farm.','','','','','',0,'Pengurus',1),('A12000033',20120014,NULL,'Marcelinus A.S. Adhiwibawa, S.P., M.Stat.','','','','','',0,'',1),('A12000034',20070013,NULL,'Dwi Endra Krisna, S.Kom','','','','','',0,'',1),('A12000035',20070012,NULL,'Budhy, S.Kom.','','','','','',0,'',1),('A12000036',12000036,NULL,'Arlinda Patricia, SE.','','','','','',0,'',1),('A12000037',12000037,NULL,'Rizcha Septiafani Dewi','','','','','',0,'',1),('A12000038',20140009,NULL,'Felik Sad Windu Wisnu Broto, SS., M.Hum.','','','','','',0,'',1),('A12000039',20190001,NULL,'Ounu Zakiy Sukaton, S.Hum., MGAL.','','','','','',0,'',1),('A12000040',20070009,NULL,'Ratna Kristina, S.Sos.','','','','','',0,'',1),('A12000041',20190013,NULL,'Catharina Aprilia Hellyani, SE., MM.','','','','','',0,'',1),('A12000042',20180008,NULL,'Yohanna Nirmalasari, S.Pd., M.Pd.','','','','','',0,'',1),('A12000043',20160003,NULL,'Eza Rine Hyguita','','','','','',0,'',1),('A12000044',20120036,NULL,'Wahyu Dianing Ratri, ST.','','','','','',0,'',1),('A12000045',20080005,NULL,'Dr. Daniel Ginting, SS., M.Pd.','','','','','',0,'',1),('A12000046',20190006,NULL,'Billy Lakharci','','','','','',0,'',1),('A12000047',20080021,NULL,'Tarsisius Renald Suganda, SE., M.Si.','','','','','',0,'',1),('A12000048',20080045,NULL,'Prita Ika Dewi, STP.','','','','','',0,'',1),('A12000049',20110027,NULL,'Mustika Tarra, ST.','','','','','',0,'',1),('A12000050',20140015,NULL,'Sultan Arif Rahmadianto, S.Sn., M.Ds.','','','','','',0,'',1),('A12000051',20180003,NULL,'Dhatu Sitaresmi, SS., MTCSOL.','','','','','',0,'',1),('A12000052',20160015,NULL,'Uki Yonda Asepta, SE., MM.','','','','','',0,'',1),('A12000053',20110064,NULL,'Dwi Andriyanti Agustin, STP.','','','','','',0,'',1),('A12000054',20110059,NULL,'Khoirul Anwar Rofiqi, SE.','','','','','',0,'',1),('A12000055',20120006,NULL,'Ratih Mustikasari, S.Ikom.','','','','','',0,'',1),('A12000056',20080004,NULL,'Prof. Dr. Patrisius Istiarto Djiwandono','','','','','',0,'',1),('A12000057',20090006,NULL,'Dr. Soetam Rizky Wicaksono, S.Kom., MM.','','','','','',0,'',1),('A12000058',20110036,NULL,'Meme Susilowati, S.Kom., MMSI.','','','','','',0,'',1),('A12000059',20190004,NULL,'Erica Adriana, SE., MM.','','','','','',0,'',1),('A12000060',20080023,NULL,'Dra. Maria Lucia Luciana, M.Pd.','','','','','',0,'',1),('A12000061',20100002,NULL,'Mochamad Subianto, S.Kom., M.Cs.','','','','','',0,'Pengurus',1),('A12000062',20190012,NULL,'Rino Tam Cahyadi, S.E., M.S.A','','','','','',0,'',1),('A12000063',20070062,NULL,'Wastam Wahyudi','','','','','',0,'',1),('A12000064',20140005,NULL,'Ir. Purnomo, M.T.','','','','','',0,'',1),('A12000065',20110028,NULL,'Henny Sukmawati, A.Md.','','','','','',0,'',1),('A12000066',20120009,NULL,'Hendro Poerbo Prasetija, ST., M.MT.','','','','','',0,'',1),('A12000067',20170012,NULL,'Teguh Arisma, SE','','','','','',0,'',1),('A12000068',20110022,NULL,'Ir. Oesman Hendra Kelana, M.Cs.','','','','','',0,'',1),('A12000069',20110037,NULL,'Melany, SST.Par., MM.Tr.','','','','','',0,'',1),('A12000070',20070058,NULL,'Drs. Martinus Sutanto Hadi','','','','','',0,'',1),('A12000071',20070043,NULL,'Sutriana Budi','','','','','',0,'',1),('A12000072',20100020,NULL,'Edy Prayitno','','','','','',0,'',1),('A12000073',20070051,NULL,'Agus Wahyudi','','','','','',0,'',1),('A12000074',20110063,NULL,'Eko Tri Wibowo','','','','','',0,'',1),('A12000075',20090043,NULL,'Ahmad Badri','','','','','',0,'',1),('A12000076',20070042,NULL,'Jumadi','','','','','',0,'',1),('A12000077',20070027,NULL,'Dr. Ir. Stefanus Yufra Menahen Taneo, MS., M.Sc.','','','','','',0,'',1),('A12000078',20070068,NULL,'Aditya Mujiono','','','','','',0,'',1),('A12000079',13005,NULL,'MOH SUEB CAHYONO','Arjoyoso','Tirtoyudo','Ampelgading','0/0','LAKI-LAKI',0,'',1),('A12000080',20110062,NULL,'DEDIK SUDANDOKO','-','','','0/0','LAKI-LAKI',0,'',1),('A12000081',20070021,NULL,'SLAMET KUMBOYONO','Jl. KH Ahmad Dahlan 13 No 8 RT02 RW 05','Purworejo Pasuruan','Pojentre','0/0','LAKI-LAKI',0,'',1),('A12000082',20160010,NULL,'DIDIT PRASETYO NUGROHO, S.SN., M.SN','Perum Griyasanta blok B-129 Malang','','','0/0','LAKI-LAKI',0,'',1),('A12000083',13015,NULL,'REBECCA FORTUNELLA HUTTING','Jl. Bali No. 1B','','','0/0','PEREMPUAN',0,'',1),('A12000084',20070050,NULL,'DENY SETYO BUDI','-','-','-','0/0','LAKI-LAKI',0,'',1);

/*Table structure for table `cut_off_jurnal` */

DROP TABLE IF EXISTS `cut_off_jurnal`;

CREATE TABLE `cut_off_jurnal` (
  `Tahun` year(4) NOT NULL,
  `No_perkiraan` varchar(13) NOT NULL,
  `Nama_Perkiraan` varchar(36) default NULL,
  `Debet_Perkiraan` double default NULL,
  `Kredit_Perkiraan` double default NULL,
  `Created_Date` timestamp NULL default CURRENT_TIMESTAMP,
  PRIMARY KEY  (`Tahun`,`No_perkiraan`),
  KEY `No_perkiraan` (`No_perkiraan`),
  CONSTRAINT `cut_off_jurnal_ibfk_1` FOREIGN KEY (`No_perkiraan`) REFERENCES `data_perkiraan` (`No_Perkiraan`) ON UPDATE CASCADE
) ENGINE=InnoDB DEFAULT CHARSET=latin1;

/*Data for the table `cut_off_jurnal` */

/*Table structure for table `cut_off_stock` */

DROP TABLE IF EXISTS `cut_off_stock`;

CREATE TABLE `cut_off_stock` (
  `Tahun` year(4) NOT NULL default '0000',
  `ProductID` varchar(20) character set utf8 NOT NULL,
  `ProductName` varchar(20) default NULL,
  `Qty` double default NULL,
  `UnitPrice` double default NULL,
  `Created_Date` timestamp NULL default CURRENT_TIMESTAMP,
  PRIMARY KEY  (`Tahun`,`ProductID`),
  KEY `ProductID` (`ProductID`),
  CONSTRAINT `cut_off_stock_ibfk_1` FOREIGN KEY (`ProductID`) REFERENCES `products` (`ProductID`)
) ENGINE=InnoDB DEFAULT CHARSET=latin1;

/*Data for the table `cut_off_stock` */

/*Table structure for table `data_perkiraan` */

DROP TABLE IF EXISTS `data_perkiraan`;

CREATE TABLE `data_perkiraan` (
  `No_Perkiraan` varchar(13) NOT NULL,
  `Nama_Perkiraan` varchar(36) default NULL,
  `Debet_Perkiraan` decimal(20,0) default NULL,
  `Kredit_Perkiraan` decimal(20,0) default NULL,
  PRIMARY KEY  (`No_Perkiraan`)
) ENGINE=InnoDB DEFAULT CHARSET=latin1;

/*Data for the table `data_perkiraan` */

insert  into `data_perkiraan`(`No_Perkiraan`,`Nama_Perkiraan`,`Debet_Perkiraan`,`Kredit_Perkiraan`) values ('1','AKTIVA','0','0'),('10','AKTIVA LANCAR','0','0'),('1000','KAS','19500000','0'),('1010','BANK','0','0'),('1010.01','TABUNGAN DI UNIT SIMPAN PINJAM','0','0'),('1030','PIUTANG ANGGOTA','0','0'),('1030.01','PIUTANG LAMA','0','0'),('1030.02','PIUTANG BARU','0','0'),('1030.03','PIUTANG BERSAHABAT','0','0'),('1030.03.040','RATNA KRISTINA','0','0'),('1030.03.046','BILLY LAKHARCI','0','0'),('1030.03.059','ERICA ADRIANA','0','0'),('1030.03.061','MOCHAMAD SUBIANTO','0','0'),('1030.03.071','SUTRIANA BUDI','0','0'),('1030.03.075','AHMAD BADERI','0','0'),('1030.03.076','JUMADI','0','0'),('1030.03.078','MUJIONO','0','0'),('1030.03.079','PIUTANG SUEB','0','0'),('1030.03.081','PIUTANG SLAMET','0','0'),('1030.03.082','DIDIT','0','0'),('1030.04','PIUTANG SULTAN','0','0'),('1030.04.064','PURNOMO','0','0'),('1030.04.083','REBECCA','0','0'),('1030.05','PIUTANG BPUU','0','0'),('1030.05.001','NON ANGGOTA MADAN','0','0'),('1030.05.004','PUTU AYU','0','0'),('1030.05.033','MARCEL','0','0'),('1030.05.035','BUDHY','0','0'),('1030.05.038','FELIK','0','0'),('1040','CADANGAN KERUGIAN PIUTANG','0','0'),('1050','PERSEDIAAN BARANG\r\n','0','0'),('1060','CADANGAN PERSEDIAAN EXPIED','0','0'),('14','AKTIVA TETAP','0','0'),('1401','HARGA PEROLEHAN','0','0'),('1401.01','MESIN LAMINATING','0','0'),('1401.02','MESIN FOTO COPY','0','0'),('1401.03','ETALASE','0','0'),('1401.04','KOMPUTER','0','0'),('1401.05','PERLENGKAPAN MINI MARKET','0','0'),('1402','AKUMULASI PENYUSUTAN','0','0'),('1402.01','AKUMULASI PENYU. MESIN LAMINATING','0','0'),('1402.02','AKUMULASI PENYU. FOTO COPY','0','0'),('1402.03','AKUMULASI PENYUSUTAN ETALASE','0','0'),('1402.04','AKUMULASI PENYU. KOMPUTER','0','0'),('1402.05','AKUM. PENYU. PERLENG. MINIMARKET','0','0'),('2','KEWAJIBAN','0','0'),('20','KEWAJIBAN LANCAR','0','0'),('2001','HUTANG USAHA ANGGOTA','0','0'),('2001.01','HUTANG PENGURUS','0','0'),('2001.02','HUTANG KE LENDER','0','0'),('2001.02.003','HUTANG LENDER WS','0','0'),('2001.02.005','HUTANG LENDER RDN','0','0'),('2001.02.020','HUTANG LENDER RBW','0','0'),('2001.02.021','HUTANG LENDER JAN','0','0'),('2001.02.056','HUTANG LENDER PID','0','0'),('2002','HUTANG USAHA KKMMS','0','0'),('2002.01','HUTANG DAGANG KKMMS','0','0'),('2002.02','PENDAPATAN D TERIMA DIMUKA','0','0'),('2005','HUTANG DANA PEMBAGIAN SHU','0','0'),('3','MODAL','0','0'),('30','KEKAYAAN BERSIH','0','0'),('3001','MODAL KANTOR PUSAT','0','0'),('3001.01','SIMPANAN POKOK ANGGOTA','0','15600000'),('3001.02','SIMPANAN WAJIB ANGGOTA','0','3900000'),('3002','SHU TAHUN LALU','0','0'),('3003','SHU BERJALAN','0','0'),('3014','SHU BELUM DIBAGI','0','0'),('4','PENDAPATAN USAHA','0','0'),('40','PENJUALAN','0','0'),('4001','PENDAPATAN USAHA','0','0'),('4001.02','PENDAPATAN BUNGA PINJAMAN','0','0'),('4001.22','PENJUALAN BARANG DAGANG KOPERASI','0','0'),('5','HARGA POKOK PENJUALAN','0','0'),('50','H.P.P.','0','0'),('5001','HARGA POKOK PENJUALAN','0','0'),('5001.01','PEMBELIAN BARANG DAGANG KKMMS','0','0'),('5001.02','PREMIUM KENDARAAN','0','0'),('5001.03','BY PENYUSUTAN KOMPUTER','0','0'),('5001.04','BY PENYUSUTAN ETALASE','0','0'),('5001.05','BY PENYUSUTAN PERLENG. MINIMARKET','0','0'),('6','BEBAN USAHA (OPERASI)','0','0'),('60','BEBAN OPERASI','0','0'),('6001','BEBAN USAHA','0','0'),('6001.01','BIAYA GAJI','0','0'),('6001.02','BY UMUM DAN ADMINISTRASI','0','0'),('6001.03','BY  HADIAH LEBARAN ','0','0'),('6001.04','BIAYA KERUGIAN PIUTANG','0','0'),('7','PENDAPATAN DI LUAR USAHA','0','0'),('70','PENDAPATAN DI LUAR USAHA','0','0'),('7001','PENDAPATAN DI LUAR USAHA','0','0'),('7001.01','PENDAPATAN BUNGA BANK','0','0'),('7001.02','PENDAPATAN LAIN2(PENJ GULA)','0','0');

/*Table structure for table `dispose_products` */

DROP TABLE IF EXISTS `dispose_products`;

CREATE TABLE `dispose_products` (
  `ProductID` varchar(20) NOT NULL,
  `SupplierID` int(10) unsigned NOT NULL,
  `CategoryID` tinyint(5) unsigned NOT NULL,
  `QuantityPerUnit` varchar(20) character set utf8 collate utf8_unicode_ci NOT NULL default '',
  `SalesPrice` double default '0',
  `UnitPrice` double NOT NULL default '0',
  `QtyDispose` smallint(5) unsigned NOT NULL default '0',
  `EmployeeID` int(10) unsigned NOT NULL,
  `Return_Date` datetime NOT NULL,
  PRIMARY KEY  (`ProductID`),
  KEY `FK_products_categoryid` (`CategoryID`),
  KEY `FK_products_supplierid` (`SupplierID`),
  KEY `FK_return_products_employees` (`EmployeeID`),
  CONSTRAINT `FK_dispose_products_Categories` FOREIGN KEY (`CategoryID`) REFERENCES `categories` (`CategoryID`) ON UPDATE CASCADE,
  CONSTRAINT `FK_dispose_products_employees` FOREIGN KEY (`EmployeeID`) REFERENCES `employees` (`EmployeeID`) ON UPDATE CASCADE,
  CONSTRAINT `FK_dispose_products_supplier` FOREIGN KEY (`SupplierID`) REFERENCES `suppliers` (`SupplierID`) ON UPDATE CASCADE
) ENGINE=InnoDB DEFAULT CHARSET=utf8;

/*Data for the table `dispose_products` */

/*Table structure for table `employees` */

DROP TABLE IF EXISTS `employees`;

CREATE TABLE `employees` (
  `EmployeeID` int(10) unsigned NOT NULL,
  `LastName` varchar(30) character set utf8 collate utf8_unicode_ci NOT NULL default '',
  `FirstName` varchar(30) character set utf8 collate utf8_unicode_ci NOT NULL default '',
  `Title` varchar(30) character set utf8 collate utf8_unicode_ci NOT NULL default '',
  `TitleOfCourtesy` varchar(25) character set utf8 collate utf8_unicode_ci NOT NULL default '',
  `BirthDate` datetime default NULL,
  `HireDate` datetime default NULL,
  `Address` varchar(60) character set utf8 collate utf8_unicode_ci default '',
  `City` varchar(15) character set utf8 collate utf8_unicode_ci default '',
  `Region` varchar(15) character set utf8 collate utf8_unicode_ci default '',
  `PostalCode` varchar(10) character set utf8 collate utf8_unicode_ci default '',
  `Country` varchar(15) character set utf8 collate utf8_unicode_ci default '',
  `Phone` varchar(24) character set utf8 collate utf8_unicode_ci default '',
  `Photo` varchar(50) character set utf8 collate utf8_unicode_ci default '',
  `Notes` mediumtext character set utf8 collate utf8_unicode_ci,
  `ReportsTo` int(10) unsigned default NULL,
  `EmployeePassword` char(41) character set latin1 collate latin1_bin NOT NULL default '',
  `Pembelian` tinyint(1) default '0',
  PRIMARY KEY  (`EmployeeID`),
  KEY `idx_employees_lastname` (`LastName`),
  KEY `idx_employees_postalcode` (`PostalCode`),
  KEY `idx_ReportsTo` (`ReportsTo`),
  CONSTRAINT `FK_employees_reports_to` FOREIGN KEY (`ReportsTo`) REFERENCES `employees` (`EmployeeID`)
) ENGINE=InnoDB DEFAULT CHARSET=utf8;

/*Data for the table `employees` */

insert  into `employees`(`EmployeeID`,`LastName`,`FirstName`,`Title`,`TitleOfCourtesy`,`BirthDate`,`HireDate`,`Address`,`City`,`Region`,`PostalCode`,`Country`,`Phone`,`Photo`,`Notes`,`ReportsTo`,`EmployeePassword`,`Pembelian`) values (1101,'Subianto','Mochamad','Admin','Mr',NULL,NULL,'','','','','','','',NULL,NULL,'9263ce156450938c5f5c43a6c62d71f0',0),(20070039,'Swastika','Windra','Admin','Mr',NULL,NULL,'','','','','','','',NULL,NULL,'edd266e03505321241de618360f13ae3',0),(20100002,'Subianto','Mochamad','Admin','Mr',NULL,NULL,'','','','','','','',NULL,NULL,'9263ce156450938c5f5c43a6c62d71f0',0),(20100047,'Dwi Nompunu','Ronald','Admin','Mr',NULL,NULL,'','','','','','','',NULL,NULL,'7e4d13adbafb23b9c3e2f5604c6a3d19',0),(20160016,'Monica','Eva','Sales','Mrs',NULL,NULL,'','','','','','','',NULL,NULL,'7ec0dbeee45813422897e04ad8424a5e',0),(20180005,'Susanto','Haryanto','Sales','Mr',NULL,NULL,'','','','','','','',NULL,NULL,'e7995dac43cfee68ab47223473ca7746',0);

/*Table structure for table `historypotongan` */

DROP TABLE IF EXISTS `historypotongan`;

CREATE TABLE `historypotongan` (
  `HistoryPotonganSalesID` date NOT NULL,
  `PotonganDate` date default NULL,
  `SalesID` datetime NOT NULL,
  `Nominal` double NOT NULL default '0',
  PRIMARY KEY  (`HistoryPotonganSalesID`,`SalesID`,`Nominal`),
  KEY `FK_historypotongan` (`SalesID`),
  CONSTRAINT `FK_historypotongan` FOREIGN KEY (`SalesID`) REFERENCES `sales` (`SalesID`) ON DELETE NO ACTION ON UPDATE CASCADE
) ENGINE=InnoDB DEFAULT CHARSET=latin1;

/*Data for the table `historypotongan` */

insert  into `historypotongan`(`HistoryPotonganSalesID`,`PotonganDate`,`SalesID`,`Nominal`) values ('2020-11-12','2020-11-12','2020-10-22 17:20:54',104000),('2020-11-12','2020-11-12','2020-10-22 17:21:49',110500),('2020-11-19','2020-11-19','2020-11-19 16:00:14',97000),('2020-12-01','2020-12-01','2020-10-22 17:16:47',21000),('2020-12-01','2020-12-01','2020-10-22 17:19:14',21000),('2020-12-01','2020-12-01','2020-11-04 11:57:43',46334),('2020-12-01','2020-12-01','2020-11-04 12:28:11',77500),('2020-12-01','2020-12-01','2020-11-10 11:33:15',258500),('2020-12-01','2020-12-01','2020-11-10 12:46:35',108000),('2020-12-01','2020-12-01','2020-11-12 15:23:57',32500),('2020-12-01','2020-12-01','2020-11-19 11:50:58',190622),('2020-12-01','2020-12-01','2020-11-19 12:08:16',76500),('2020-12-01','2020-12-01','2020-11-19 12:16:03',31000),('2020-12-01','2020-12-01','2020-11-26 12:15:04',32000),('2020-12-01','2020-12-01','2020-11-26 12:16:15',8000),('2020-12-01','2020-12-01','2020-11-26 12:17:08',16000),('2020-12-01','2020-12-01','2020-12-01 10:46:29',95000),('2020-12-03','2020-12-03','2020-10-22 17:18:10',21000),('2020-12-03','2020-12-03','2020-11-04 12:16:20',21000),('2020-12-03','2020-12-03','2020-11-04 12:24:28',91100),('2020-12-03','2020-12-03','2020-11-12 15:29:54',120000),('2020-12-03','2020-12-03','2020-11-19 11:11:12',12000),('2020-12-03','2020-12-03','2020-11-19 11:42:46',109793),('2020-12-03','2020-12-03','2020-11-19 12:30:43',27000),('2020-12-03','2020-12-03','2020-11-19 16:38:45',20000),('2020-12-03','2020-12-03','2020-11-19 16:48:28',21000),('2020-12-03','2020-12-03','2020-11-23 16:04:46',21000),('2020-12-03','2020-12-03','2020-11-26 12:12:21',23750),('2020-12-03','2020-12-03','2020-11-26 12:14:17',36000),('2020-12-03','2020-12-03','2020-11-26 12:45:37',352500),('2020-12-03','2020-12-03','2020-11-26 16:09:56',8400),('2020-12-03','2020-12-03','2020-11-26 16:12:11',13800),('2020-12-03','2020-12-03','2020-11-26 17:03:20',12000),('2020-12-03','2020-12-03','2020-11-27 11:42:33',23500),('2020-12-03','2020-12-03','2020-12-01 10:49:13',245029),('2020-12-03','2020-12-03','2020-12-01 11:44:27',33809),('2020-12-03','2020-12-03','2020-12-01 11:46:03',89503),('2020-12-03','2020-12-03','2020-12-01 13:15:04',110000),('2020-12-03','2020-12-03','2020-12-02 12:55:31',5000),('2020-12-03','2020-12-03','2020-12-03 11:47:00',16500),('2020-12-03','2020-12-03','2020-12-03 11:50:50',23000),('2020-12-03','2020-12-03','2020-12-03 12:49:08',180000),('2020-12-03','2020-12-03','2020-12-03 12:57:36',54000),('2021-02-16','2021-02-16','2020-12-04 12:02:27',9000),('2021-02-16','2021-02-16','2020-12-04 15:08:10',11500),('2021-02-16','2021-02-16','2020-12-10 12:03:00',6000),('2021-02-16','2021-02-16','2020-12-10 17:21:07',114000),('2021-02-16','2021-02-16','2020-12-10 17:23:32',18150),('2021-02-16','2021-02-16','2020-12-14 13:02:18',11450),('2021-02-16','2021-02-16','2020-12-16 11:23:01',12000),('2021-02-16','2021-02-16','2020-12-17 15:25:50',78167),('2021-02-16','2021-02-16','2020-12-29 12:37:36',125000),('2021-02-16','2021-02-16','2021-01-06 12:58:27',46500),('2021-02-16','2021-02-16','2021-01-07 15:51:58',113000),('2021-02-16','2021-02-16','2021-01-07 16:00:31',151082),('2021-02-16','2021-02-16','2021-01-07 16:04:39',206000),('2021-02-16','2021-02-16','2021-01-07 16:05:51',56000),('2021-02-16','2021-02-16','2021-01-14 13:30:52',51500),('2021-02-16','2021-02-16','2021-01-19 10:08:48',73000),('2021-02-16','2021-02-16','2021-01-19 10:12:14',389000),('2021-02-16','2021-02-16','2021-01-19 10:14:21',206100),('2021-02-16','2021-02-16','2021-01-28 15:06:45',107000),('2021-02-16','2021-02-16','2021-02-03 12:38:41',137500),('2021-02-16','2021-02-16','2021-02-03 12:47:55',217500),('2021-02-16','2021-02-16','2021-02-16 15:32:34',13000),('2021-02-16','2021-02-16','2021-02-16 15:35:30',25000),('2021-02-17','2021-02-17','2021-02-16 15:48:45',113000),('2021-03-04','2021-03-04','2021-02-16 15:11:24',390500),('2021-03-04','2021-03-04','2021-02-19 11:33:31',30000),('2021-03-04','2021-03-04','2021-02-19 14:08:59',52000),('2021-03-04','2021-03-04','2021-02-26 15:24:31',169500),('2021-03-04','2021-03-04','2021-02-26 15:50:01',35000),('2021-03-04','2021-03-04','2021-02-26 15:50:58',70000),('2021-03-04','2021-03-04','2021-02-26 16:14:43',92434),('2021-03-04','2021-03-04','2021-03-04 15:15:55',45000),('2021-03-04','2021-03-04','2021-03-04 15:20:10',196500);

/*Table structure for table `historypotongan_edit` */

DROP TABLE IF EXISTS `historypotongan_edit`;

CREATE TABLE `historypotongan_edit` (
  `HistoryPotonganSalesID` date NOT NULL,
  `PotonganDate` date default NULL,
  `SalesID` varchar(20) character set utf8 NOT NULL default '',
  `Nominal` double NOT NULL default '0',
  PRIMARY KEY  (`HistoryPotonganSalesID`,`SalesID`,`Nominal`),
  KEY `FK_historypotongan` (`SalesID`)
) ENGINE=InnoDB DEFAULT CHARSET=latin1;

/*Data for the table `historypotongan_edit` */

/*Table structure for table `hpp` */

DROP TABLE IF EXISTS `hpp`;

CREATE TABLE `hpp` (
  `Tahun` varchar(4) NOT NULL,
  `No_perkiraan` varchar(13) NOT NULL,
  `Nama_perkiraan` varchar(36) default NULL,
  `Total` double default NULL,
  `saldo_awal` double default NULL,
  `Group_HPP` varchar(36) default NULL,
  `SubGroup_HPP` varchar(36) default NULL,
  PRIMARY KEY  (`Tahun`,`No_perkiraan`)
) ENGINE=InnoDB DEFAULT CHARSET=latin1;

/*Data for the table `hpp` */

/*Table structure for table `jenis_jurnal` */

DROP TABLE IF EXISTS `jenis_jurnal`;

CREATE TABLE `jenis_jurnal` (
  `Jenis_Jurnal` varchar(2) NOT NULL,
  `Nama_Jenis_Jurnal` varchar(100) default NULL,
  PRIMARY KEY  (`Jenis_Jurnal`)
) ENGINE=InnoDB DEFAULT CHARSET=latin1;

/*Data for the table `jenis_jurnal` */

insert  into `jenis_jurnal`(`Jenis_Jurnal`,`Nama_Jenis_Jurnal`) values ('AJ','REKAP PENYESUAIAN/KOREKSI'),('BK','REKAP BANK KELUAR'),('BM','REKAP BANK MASUK'),('BU','REKAP MEMORIAL'),('FB','REKAP PEMBELIAN'),('FJ','REKAP PENJUALAN'),('FK','REKAP KONSINASI'),('KK','REKAP KAS KELUAR'),('KM','REKAP KAS MASUK'),('PA','PIUTANG ANGGOTA');

/*Table structure for table `jurnal` */

DROP TABLE IF EXISTS `jurnal`;

CREATE TABLE `jurnal` (
  `Tanggal_Jurnal` varchar(25) NOT NULL,
  `Jenis_Jurnal` varchar(2) NOT NULL,
  `No_Bukti` varchar(40) NOT NULL,
  `No_Perkiraan` varchar(13) NOT NULL,
  `Debet_Jurnal` double NOT NULL,
  `Kredit_Jurnal` double NOT NULL,
  `Keterangan_Jurnal` varchar(100) default NULL,
  `No_Urut` int(11) default NULL,
  `Tgl_Input` timestamp NULL default CURRENT_TIMESTAMP,
  `CustomerID` varchar(20) default '0',
  PRIMARY KEY  (`Tanggal_Jurnal`,`Jenis_Jurnal`,`No_Bukti`,`No_Perkiraan`,`Debet_Jurnal`,`Kredit_Jurnal`)
) ENGINE=InnoDB DEFAULT CHARSET=latin1;

/*Data for the table `jurnal` */

insert  into `jurnal`(`Tanggal_Jurnal`,`Jenis_Jurnal`,`No_Bukti`,`No_Perkiraan`,`Debet_Jurnal`,`Kredit_Jurnal`,`Keterangan_Jurnal`,`No_Urut`,`Tgl_Input`,`CustomerID`) values ('01/01/2021','PA','2101071','1000',363333,0,'PELUNASAN KE 2',1,'2021-03-04 16:43:54','0'),('01/01/2021','PA','2101071','1030.03.071',0,333333,'PELUNASAN KE 2',2,'2021-03-04 16:43:54','0'),('01/01/2021','PA','2101071','4001.02',0,30000,'PELUNASAN KE 2',3,'2021-03-04 16:43:54','0'),('01/02/2021','PA','2102071','1000',363333,0,'PELUNASAN KE 3',1,'2021-03-04 16:43:21','0'),('01/02/2021','PA','2102071','1030.03.071',0,333333,'PELUNASAN KE 3',2,'2021-03-04 16:43:21','0'),('01/02/2021','PA','2102071','4001.02',0,30000,'PELUNASAN KE 3',3,'2021-03-04 16:43:21','0'),('01/03/2021','PA','2103071','1000',363333,0,'PELUNASAN KE 4',1,'2021-03-04 16:42:49','0'),('01/03/2021','PA','2103071','1030.03.071',0,333333,'PELUNASAN KE 4',2,'2021-03-04 16:42:49','0'),('01/03/2021','PA','2103071','4001.02',0,30000,'PELUNASAN KE 4',3,'2021-03-04 16:42:49','0'),('01/12/2020','FJ','2020-12-01 10:46:29','1030.02',95000,0,'Piutang Penjualan oleh A12000021',1,'2020-12-01 10:46:29','A12000021'),('01/12/2020','FJ','2020-12-01 10:46:29','1050',0,85600,'Persediaan Penjualan oleh A12000021',5,'2020-12-01 10:46:29','0'),('01/12/2020','FJ','2020-12-01 10:46:29','4001.22',0,95000,'Piutang Penjualan oleh A12000021',2,'2020-12-01 10:46:29','0'),('01/12/2020','FJ','2020-12-01 10:46:29','5001',85600,0,'Persediaan Penjualan oleh A12000021',4,'2020-12-01 10:46:29','0'),('01/12/2020','FJ','2020-12-01 10:49:13','1030.02',245029,0,'Piutang Penjualan oleh A12000004',1,'2020-12-01 10:49:13','A12000004'),('01/12/2020','FJ','2020-12-01 10:49:13','1050',0,245029,'Persediaan Penjualan oleh A12000004',5,'2020-12-01 10:49:13','0'),('01/12/2020','FJ','2020-12-01 10:49:13','4001.22',0,245029,'Piutang Penjualan oleh A12000004',2,'2020-12-01 10:49:13','0'),('01/12/2020','FJ','2020-12-01 10:49:13','5001',245029,0,'Persediaan Penjualan oleh A12000004',4,'2020-12-01 10:49:13','0'),('01/12/2020','FJ','2020-12-01 11:26:34','1000',15000,0,'Penjualan Tunai',1,'2020-12-01 11:26:34','0'),('01/12/2020','FJ','2020-12-01 11:26:34','1050',0,12000,'Persediaan Penjualan',4,'2020-12-01 11:26:34','0'),('01/12/2020','FJ','2020-12-01 11:26:34','4001.22',0,15000,'Penjualan Tunai',2,'2020-12-01 11:26:34','0'),('01/12/2020','FJ','2020-12-01 11:26:34','5001',12000,0,'Persediaan Penjualan',3,'2020-12-01 11:26:34','0'),('01/12/2020','FJ','2020-12-01 11:31:08','1000',13000,0,'Penjualan Tunai',1,'2020-12-01 11:31:08','0'),('01/12/2020','FJ','2020-12-01 11:31:08','1050',0,11000,'Persediaan Penjualan',4,'2020-12-01 11:31:08','0'),('01/12/2020','FJ','2020-12-01 11:31:08','4001.22',0,13000,'Penjualan Tunai',2,'2020-12-01 11:31:08','0'),('01/12/2020','FJ','2020-12-01 11:31:08','5001',11000,0,'Persediaan Penjualan',3,'2020-12-01 11:31:08','0'),('01/12/2020','FJ','2020-12-01 11:44:27','1030.02',33809,0,'Piutang Penjualan oleh A12000001',1,'2020-12-01 11:44:28','A12000001'),('01/12/2020','FJ','2020-12-01 11:44:27','1050',0,33809,'Persediaan Penjualan oleh A12000001',5,'2020-12-01 11:44:28','0'),('01/12/2020','FJ','2020-12-01 11:44:27','4001.22',0,33809,'Piutang Penjualan oleh A12000001',2,'2020-12-01 11:44:28','0'),('01/12/2020','FJ','2020-12-01 11:44:27','5001',33809,0,'Persediaan Penjualan oleh A12000001',4,'2020-12-01 11:44:28','0'),('01/12/2020','FJ','2020-12-01 11:46:03','1030.02',89503,0,'Piutang Penjualan oleh A12000032',1,'2020-12-01 11:46:03','A12000032'),('01/12/2020','FJ','2020-12-01 11:46:03','1050',0,89503,'Persediaan Penjualan oleh A12000032',5,'2020-12-01 11:46:03','0'),('01/12/2020','FJ','2020-12-01 11:46:03','4001.22',0,89503,'Piutang Penjualan oleh A12000032',2,'2020-12-01 11:46:03','0'),('01/12/2020','FJ','2020-12-01 11:46:03','5001',89503,0,'Persediaan Penjualan oleh A12000032',4,'2020-12-01 11:46:03','0'),('01/12/2020','FJ','2020-12-01 11:47:57','1000',219000,0,'Penjualan Tunai',1,'2020-12-01 11:47:57','0'),('01/12/2020','FJ','2020-12-01 11:47:57','1050',0,195195,'Persediaan Penjualan',4,'2020-12-01 11:47:57','0'),('01/12/2020','FJ','2020-12-01 11:47:57','4001.22',0,219000,'Penjualan Tunai',2,'2020-12-01 11:47:57','0'),('01/12/2020','FJ','2020-12-01 11:47:57','5001',195195,0,'Persediaan Penjualan',3,'2020-12-01 11:47:57','0'),('01/12/2020','FJ','2020-12-01 12:02:06','1000',56000,0,'Penjualan Tunai',1,'2020-12-01 12:02:06','0'),('01/12/2020','FJ','2020-12-01 12:02:06','1050',0,51100,'Persediaan Penjualan',4,'2020-12-01 12:02:06','0'),('01/12/2020','FJ','2020-12-01 12:02:06','4001.22',0,56000,'Penjualan Tunai',2,'2020-12-01 12:02:06','0'),('01/12/2020','FJ','2020-12-01 12:02:06','5001',51100,0,'Persediaan Penjualan',3,'2020-12-01 12:02:06','0'),('01/12/2020','FJ','2020-12-01 13:15:04','1030.02',110000,0,'Piutang Penjualan oleh A12000040',1,'2020-12-01 13:15:04','A12000040'),('01/12/2020','FJ','2020-12-01 13:15:04','1050',0,100000,'Persediaan Penjualan oleh A12000040',5,'2020-12-01 13:15:04','0'),('01/12/2020','FJ','2020-12-01 13:15:04','4001.22',0,110000,'Piutang Penjualan oleh A12000040',2,'2020-12-01 13:15:04','0'),('01/12/2020','FJ','2020-12-01 13:15:04','5001',100000,0,'Persediaan Penjualan oleh A12000040',4,'2020-12-01 13:15:04','0'),('01/12/2020','FK','2020-12-01 11:15:44','1050',432500,0,'Persediaan Konsinasi oleh 8',1,'2020-12-01 11:15:45','0'),('01/12/2020','FK','2020-12-01 11:15:44','5001',0,432500,'Persediaan Konsinasi oleh 8',2,'2020-12-01 11:15:45','0'),('01/12/2020','FK','2020-12-01 13:12:30','1050',100000,0,'Persediaan Konsinasi oleh 11',1,'2020-12-01 13:12:30','0'),('01/12/2020','FK','2020-12-01 13:12:30','5001',0,100000,'Persediaan Konsinasi oleh 11',2,'2020-12-01 13:12:30','0'),('01/12/2020','KM','20201201-A12000001 L','1000',21000,0,'Pelunasan Piutang Penjualan oleh A12000001',2,'2020-12-01 12:22:17','A12000001'),('01/12/2020','KM','20201201-A12000001 L','1000',31000,0,'Pelunasan Piutang Penjualan oleh A12000001',2,'2020-12-01 12:23:03','A12000001'),('01/12/2020','KM','20201201-A12000001 L','1000',46334,0,'Pelunasan Piutang Penjualan oleh A12000001',2,'2020-12-01 12:22:31','A12000001'),('01/12/2020','KM','20201201-A12000001 L','1000',77500,0,'Pelunasan Piutang Penjualan oleh A12000001',2,'2020-12-01 12:22:43','A12000001'),('01/12/2020','KM','20201201-A12000001 L','1000',190622,0,'Pelunasan Piutang Penjualan oleh A12000001',2,'2020-12-01 12:22:52','A12000001'),('01/12/2020','KM','20201201-A12000001 L','1030.02',0,21000,'Pelunasan Piutang Penjualan oleh A12000001',1,'2020-12-01 12:22:17','A12000001'),('01/12/2020','KM','20201201-A12000001 L','1030.02',0,31000,'Pelunasan Piutang Penjualan oleh A12000001',1,'2020-12-01 12:23:03','A12000001'),('01/12/2020','KM','20201201-A12000001 L','1030.02',0,46334,'Pelunasan Piutang Penjualan oleh A12000001',1,'2020-12-01 12:22:31','A12000001'),('01/12/2020','KM','20201201-A12000001 L','1030.02',0,77500,'Pelunasan Piutang Penjualan oleh A12000001',1,'2020-12-01 12:22:43','A12000001'),('01/12/2020','KM','20201201-A12000001 L','1030.02',0,190622,'Pelunasan Piutang Penjualan oleh A12000001',1,'2020-12-01 12:22:52','A12000001'),('01/12/2020','KM','20201201-A12000003 L','1000',21000,0,'Pelunasan Piutang Penjualan oleh A12000003',2,'2020-12-01 12:23:53','A12000003'),('01/12/2020','KM','20201201-A12000003 L','1000',32500,0,'Pelunasan Piutang Penjualan oleh A12000003',2,'2020-12-01 12:24:32','A12000003'),('01/12/2020','KM','20201201-A12000003 L','1030.02',0,21000,'Pelunasan Piutang Penjualan oleh A12000003',1,'2020-12-01 12:23:53','A12000003'),('01/12/2020','KM','20201201-A12000003 L','1030.02',0,32500,'Pelunasan Piutang Penjualan oleh A12000003',1,'2020-12-01 12:24:32','A12000003'),('01/12/2020','KM','20201201-A12000009 L','1000',32000,0,'Pelunasan Piutang Penjualan oleh A12000009',2,'2020-12-01 12:20:08','A12000009'),('01/12/2020','KM','20201201-A12000009 L','1030.02',0,32000,'Pelunasan Piutang Penjualan oleh A12000009',1,'2020-12-01 12:20:08','A12000009'),('01/12/2020','KM','20201201-A12000010 L','1000',76500,0,'Pelunasan Piutang Penjualan oleh A12000010',2,'2020-12-01 12:25:56','A12000010'),('01/12/2020','KM','20201201-A12000010 L','1030.02',0,76500,'Pelunasan Piutang Penjualan oleh A12000010',1,'2020-12-01 12:25:55','A12000010'),('01/12/2020','KM','20201201-A12000013 L','1000',258500,0,'Pelunasan Piutang Penjualan oleh A12000013',2,'2020-12-01 12:26:43','A12000013'),('01/12/2020','KM','20201201-A12000013 L','1030.02',0,258500,'Pelunasan Piutang Penjualan oleh A12000013',1,'2020-12-01 12:26:43','A12000013'),('01/12/2020','KM','20201201-A12000021 L','1000',95000,0,'Pelunasan Piutang Penjualan oleh A12000021',2,'2020-12-01 13:16:43','A12000021'),('01/12/2020','KM','20201201-A12000021 L','1030.02',0,95000,'Pelunasan Piutang Penjualan oleh A12000021',1,'2020-12-01 13:16:43','A12000021'),('01/12/2020','KM','20201201-A12000023 L','1000',108000,0,'Pelunasan Piutang Penjualan oleh A12000023',2,'2020-12-01 12:27:28','A12000023'),('01/12/2020','KM','20201201-A12000023 L','1030.02',0,108000,'Pelunasan Piutang Penjualan oleh A12000023',1,'2020-12-01 12:27:28','A12000023'),('01/12/2020','KM','20201201-A12000044 L','1000',8000,0,'Pelunasan Piutang Penjualan oleh A12000044',2,'2020-12-01 12:17:12','A12000044'),('01/12/2020','KM','20201201-A12000044 L','1030.02',0,8000,'Pelunasan Piutang Penjualan oleh A12000044',1,'2020-12-01 12:17:12','A12000044'),('01/12/2020','KM','20201201-A12000065 L','1000',16000,0,'Pelunasan Piutang Penjualan oleh A12000065',2,'2020-12-01 12:16:37','A12000065'),('01/12/2020','KM','20201201-A12000065 L','1030.02',0,16000,'Pelunasan Piutang Penjualan oleh A12000065',1,'2020-12-01 12:16:37','A12000065'),('01/12/2020','PA','2012006','1000',0,1985000,'PENCAIRAN PIUTANG BILLY',1,'2020-12-14 11:24:33','0'),('01/12/2020','PA','2012006','1030.03.006',2000000,0,'PENCAIRAN PIUTANG BILLY',2,'2020-12-14 11:24:33','0'),('01/12/2020','PA','2012006','4001.02',0,15000,'PENCAIRAN PIUTANG BILLY',3,'2020-12-14 11:24:33','0'),('01/12/2020','PA','2012071','1000',363333,0,'PELUNASAN PIUTANG KE 1',1,'2021-03-04 16:45:03','0'),('01/12/2020','PA','2012071','1030.03.071',0,333333,'PELUNASAN PIUTANG KE 1',2,'2021-03-04 16:45:03','0'),('01/12/2020','PA','2012071','4001.02',0,30000,'PELUNASAN PIUTANG KE 1',3,'2021-03-04 16:45:03','0'),('01/12/2020','PA','2012075','1000',0,9945000,'PENCAIRAN PIUTANG AHMAD BADERI',1,'2020-12-14 11:31:16','0'),('01/12/2020','PA','2012075','1030.03.075',10000000,0,'PENCAIRAN PIUTANG AHMAD BADERI',2,'2020-12-14 11:31:16','0'),('01/12/2020','PA','2012075','4001.02',0,55000,'PENCAIRAN PIUTANG AHMAD BADERI',3,'2020-12-14 11:31:16','0'),('02/12/2020','FJ','2020-12-02 11:55:41','1000',85600,0,'Penjualan Tunai',1,'2020-12-02 11:55:41','0'),('02/12/2020','FJ','2020-12-02 11:55:41','1050',0,85600,'Persediaan Penjualan',4,'2020-12-02 11:55:42','0'),('02/12/2020','FJ','2020-12-02 11:55:41','4001.22',0,85600,'Penjualan Tunai',2,'2020-12-02 11:55:41','0'),('02/12/2020','FJ','2020-12-02 11:55:41','5001',85600,0,'Persediaan Penjualan',3,'2020-12-02 11:55:41','0'),('02/12/2020','FJ','2020-12-02 12:14:14','1000',12000,0,'Penjualan Tunai',1,'2020-12-02 12:14:14','0'),('02/12/2020','FJ','2020-12-02 12:14:14','1050',0,10000,'Persediaan Penjualan',4,'2020-12-02 12:14:14','0'),('02/12/2020','FJ','2020-12-02 12:14:14','4001.22',0,12000,'Penjualan Tunai',2,'2020-12-02 12:14:14','0'),('02/12/2020','FJ','2020-12-02 12:14:14','5001',10000,0,'Persediaan Penjualan',3,'2020-12-02 12:14:14','0'),('02/12/2020','FJ','2020-12-02 12:37:06','1000',13000,0,'Penjualan Tunai',1,'2020-12-02 12:37:07','0'),('02/12/2020','FJ','2020-12-02 12:37:06','1050',0,13000,'Persediaan Penjualan',4,'2020-12-02 12:37:07','0'),('02/12/2020','FJ','2020-12-02 12:37:06','4001.22',0,13000,'Penjualan Tunai',2,'2020-12-02 12:37:07','0'),('02/12/2020','FJ','2020-12-02 12:37:06','5001',13000,0,'Persediaan Penjualan',3,'2020-12-02 12:37:07','0'),('02/12/2020','FJ','2020-12-02 12:55:31','1030.02',5000,0,'Piutang Penjualan oleh A12000003',1,'2020-12-02 12:55:31','A12000003'),('02/12/2020','FJ','2020-12-02 12:55:31','1050',0,5000,'Persediaan Penjualan oleh A12000003',5,'2020-12-02 12:55:31','0'),('02/12/2020','FJ','2020-12-02 12:55:31','4001.22',0,5000,'Piutang Penjualan oleh A12000003',2,'2020-12-02 12:55:31','0'),('02/12/2020','FJ','2020-12-02 12:55:31','5001',5000,0,'Persediaan Penjualan oleh A12000003',4,'2020-12-02 12:55:31','0'),('03/02/2021','FJ','2021-02-03 12:38:41','1030.02',137500,0,'Piutang Penjualan oleh A12000053',1,'2021-02-03 12:38:41','A12000053'),('03/02/2021','FJ','2021-02-03 12:38:41','1050',0,130967,'Persediaan Penjualan oleh A12000053',5,'2021-02-03 12:38:41','0'),('03/02/2021','FJ','2021-02-03 12:38:41','4001.22',0,137500,'Piutang Penjualan oleh A12000053',2,'2021-02-03 12:38:41','0'),('03/02/2021','FJ','2021-02-03 12:38:41','5001',130967,0,'Persediaan Penjualan oleh A12000053',4,'2021-02-03 12:38:41','0'),('03/02/2021','FJ','2021-02-03 12:47:55','1030.02',217500,0,'Piutang Penjualan oleh A12000074',1,'2021-02-03 12:47:55','A12000074'),('03/02/2021','FJ','2021-02-03 12:47:55','1050',0,204400,'Persediaan Penjualan oleh A12000074',5,'2021-02-03 12:47:55','0'),('03/02/2021','FJ','2021-02-03 12:47:55','4001.22',0,217500,'Piutang Penjualan oleh A12000074',2,'2021-02-03 12:47:55','0'),('03/02/2021','FJ','2021-02-03 12:47:55','5001',204400,0,'Persediaan Penjualan oleh A12000074',4,'2021-02-03 12:47:55','0'),('03/02/2021','FJ','2021-02-03 13:08:36','1000',11500,0,'Penjualan Tunai',1,'2021-02-03 13:08:36','0'),('03/02/2021','FJ','2021-02-03 13:08:36','1050',0,11500,'Persediaan Penjualan',4,'2021-02-03 13:08:36','0'),('03/02/2021','FJ','2021-02-03 13:08:36','4001.22',0,11500,'Penjualan Tunai',2,'2021-02-03 13:08:36','0'),('03/02/2021','FJ','2021-02-03 13:08:36','5001',11500,0,'Persediaan Penjualan',3,'2021-02-03 13:08:36','0'),('03/12/2020','FJ','2020-12-03 11:47:00','1030.02',16500,0,'Piutang Penjualan oleh A12000032',1,'2020-12-03 11:47:00','A12000032'),('03/12/2020','FJ','2020-12-03 11:47:00','1050',0,16500,'Persediaan Penjualan oleh A12000032',5,'2020-12-03 11:47:00','0'),('03/12/2020','FJ','2020-12-03 11:47:00','4001.22',0,16500,'Piutang Penjualan oleh A12000032',2,'2020-12-03 11:47:00','0'),('03/12/2020','FJ','2020-12-03 11:47:00','5001',16500,0,'Persediaan Penjualan oleh A12000032',4,'2020-12-03 11:47:00','0'),('03/12/2020','FJ','2020-12-03 11:49:52','1000',102200,0,'Penjualan Tunai',1,'2020-12-03 11:49:52','0'),('03/12/2020','FJ','2020-12-03 11:49:52','1050',0,102200,'Persediaan Penjualan',4,'2020-12-03 11:49:52','0'),('03/12/2020','FJ','2020-12-03 11:49:52','4001.22',0,102200,'Penjualan Tunai',2,'2020-12-03 11:49:52','0'),('03/12/2020','FJ','2020-12-03 11:49:52','5001',102200,0,'Persediaan Penjualan',3,'2020-12-03 11:49:52','0'),('03/12/2020','FJ','2020-12-03 11:50:50','1030.02',23000,0,'Piutang Penjualan oleh A12000003',1,'2020-12-03 11:50:50','A12000003'),('03/12/2020','FJ','2020-12-03 11:50:50','1050',0,23000,'Persediaan Penjualan oleh A12000003',5,'2020-12-03 11:50:50','0'),('03/12/2020','FJ','2020-12-03 11:50:50','4001.22',0,23000,'Piutang Penjualan oleh A12000003',2,'2020-12-03 11:50:50','0'),('03/12/2020','FJ','2020-12-03 11:50:50','5001',23000,0,'Persediaan Penjualan oleh A12000003',4,'2020-12-03 11:50:50','0'),('03/12/2020','FJ','2020-12-03 12:49:08','1030.02',180000,0,'Piutang Penjualan oleh A12000074',1,'2020-12-03 12:49:08','A12000074'),('03/12/2020','FJ','2020-12-03 12:49:08','1050',0,164800,'Persediaan Penjualan oleh A12000074',5,'2020-12-03 12:49:09','0'),('03/12/2020','FJ','2020-12-03 12:49:08','4001.22',0,180000,'Piutang Penjualan oleh A12000074',2,'2020-12-03 12:49:08','0'),('03/12/2020','FJ','2020-12-03 12:49:08','5001',164800,0,'Persediaan Penjualan oleh A12000074',4,'2020-12-03 12:49:09','0'),('03/12/2020','FJ','2020-12-03 12:57:36','1030.02',54000,0,'Piutang Penjualan oleh A12000063',1,'2020-12-03 12:57:36','A12000063'),('03/12/2020','FJ','2020-12-03 12:57:36','1050',0,48000,'Persediaan Penjualan oleh A12000063',5,'2020-12-03 12:57:36','0'),('03/12/2020','FJ','2020-12-03 12:57:36','4001.22',0,54000,'Piutang Penjualan oleh A12000063',2,'2020-12-03 12:57:36','0'),('03/12/2020','FJ','2020-12-03 12:57:36','5001',48000,0,'Persediaan Penjualan oleh A12000063',4,'2020-12-03 12:57:36','0'),('03/12/2020','KM','20201203-A12000001 L','1000',13800,0,'Pelunasan Piutang Penjualan oleh A12000001',2,'2020-12-03 16:16:52','A12000001'),('03/12/2020','KM','20201203-A12000001 L','1000',21000,0,'Pelunasan Piutang Penjualan oleh A12000001',2,'2020-12-03 16:16:39','A12000001'),('03/12/2020','KM','20201203-A12000001 L','1000',23750,0,'Pelunasan Piutang Penjualan oleh A12000001',2,'2020-12-03 16:16:45','A12000001'),('03/12/2020','KM','20201203-A12000001 L','1000',33809,0,'Pelunasan Piutang Penjualan oleh A12000001',2,'2020-12-03 16:17:08','A12000001'),('03/12/2020','KM','20201203-A12000001 L','1030.02',0,13800,'Pelunasan Piutang Penjualan oleh A12000001',1,'2020-12-03 16:16:52','A12000001'),('03/12/2020','KM','20201203-A12000001 L','1030.02',0,21000,'Pelunasan Piutang Penjualan oleh A12000001',1,'2020-12-03 16:16:39','A12000001'),('03/12/2020','KM','20201203-A12000001 L','1030.02',0,23750,'Pelunasan Piutang Penjualan oleh A12000001',1,'2020-12-03 16:16:45','A12000001'),('03/12/2020','KM','20201203-A12000001 L','1030.02',0,33809,'Pelunasan Piutang Penjualan oleh A12000001',1,'2020-12-03 16:17:08','A12000001'),('03/12/2020','KM','20201203-A12000003 L','1000',5000,0,'Pelunasan Piutang Penjualan oleh A12000003',2,'2020-12-03 16:15:00','A12000003'),('03/12/2020','KM','20201203-A12000003 L','1000',8400,0,'Pelunasan Piutang Penjualan oleh A12000003',2,'2020-12-03 16:14:44','A12000003'),('03/12/2020','KM','20201203-A12000003 L','1000',12000,0,'Pelunasan Piutang Penjualan oleh A12000003',2,'2020-12-03 16:14:52','A12000003'),('03/12/2020','KM','20201203-A12000003 L','1000',20000,0,'Pelunasan Piutang Penjualan oleh A12000003',2,'2020-12-03 16:14:33','A12000003'),('03/12/2020','KM','20201203-A12000003 L','1000',21000,0,'Pelunasan Piutang Penjualan oleh A12000003',2,'2020-12-03 16:14:13','A12000003'),('03/12/2020','KM','20201203-A12000003 L','1000',23000,0,'Pelunasan Piutang Penjualan oleh A12000003',2,'2020-12-03 16:15:06','A12000003'),('03/12/2020','KM','20201203-A12000003 L','1030.02',0,5000,'Pelunasan Piutang Penjualan oleh A12000003',1,'2020-12-03 16:15:00','A12000003'),('03/12/2020','KM','20201203-A12000003 L','1030.02',0,8400,'Pelunasan Piutang Penjualan oleh A12000003',1,'2020-12-03 16:14:44','A12000003'),('03/12/2020','KM','20201203-A12000003 L','1030.02',0,12000,'Pelunasan Piutang Penjualan oleh A12000003',1,'2020-12-03 16:14:52','A12000003'),('03/12/2020','KM','20201203-A12000003 L','1030.02',0,20000,'Pelunasan Piutang Penjualan oleh A12000003',1,'2020-12-03 16:14:33','A12000003'),('03/12/2020','KM','20201203-A12000003 L','1030.02',0,21000,'Pelunasan Piutang Penjualan oleh A12000003',1,'2020-12-03 16:14:13','A12000003'),('03/12/2020','KM','20201203-A12000003 L','1030.02',0,23000,'Pelunasan Piutang Penjualan oleh A12000003',1,'2020-12-03 16:15:06','A12000003'),('03/12/2020','KM','20201203-A12000004 L','1000',36000,0,'Pelunasan Piutang Penjualan oleh A12000004',2,'2020-12-03 16:20:46','A12000004'),('03/12/2020','KM','20201203-A12000004 L','1000',109793,0,'Pelunasan Piutang Penjualan oleh A12000004',2,'2020-12-03 16:20:35','A12000004'),('03/12/2020','KM','20201203-A12000004 L','1000',245029,0,'Pelunasan Piutang Penjualan oleh A12000004',2,'2020-12-03 16:20:53','A12000004'),('03/12/2020','KM','20201203-A12000004 L','1030.02',0,36000,'Pelunasan Piutang Penjualan oleh A12000004',1,'2020-12-03 16:20:46','A12000004'),('03/12/2020','KM','20201203-A12000004 L','1030.02',0,109793,'Pelunasan Piutang Penjualan oleh A12000004',1,'2020-12-03 16:20:35','A12000004'),('03/12/2020','KM','20201203-A12000004 L','1030.02',0,245029,'Pelunasan Piutang Penjualan oleh A12000004',1,'2020-12-03 16:20:53','A12000004'),('03/12/2020','KM','20201203-A12000023 L','1000',12000,0,'Pelunasan Piutang Penjualan oleh A12000023',2,'2020-12-03 16:19:18','A12000023'),('03/12/2020','KM','20201203-A12000023 L','1030.02',0,12000,'Pelunasan Piutang Penjualan oleh A12000023',1,'2020-12-03 16:19:18','A12000023'),('03/12/2020','KM','20201203-A12000032 L','1000',16500,0,'Pelunasan Piutang Penjualan oleh A12000032',2,'2020-12-03 16:20:15','A12000032'),('03/12/2020','KM','20201203-A12000032 L','1000',21000,0,'Pelunasan Piutang Penjualan oleh A12000032',2,'2020-12-03 16:19:37','A12000032'),('03/12/2020','KM','20201203-A12000032 L','1000',23500,0,'Pelunasan Piutang Penjualan oleh A12000032',2,'2020-12-03 16:19:59','A12000032'),('03/12/2020','KM','20201203-A12000032 L','1000',27000,0,'Pelunasan Piutang Penjualan oleh A12000032',2,'2020-12-03 16:19:52','A12000032'),('03/12/2020','KM','20201203-A12000032 L','1000',89503,0,'Pelunasan Piutang Penjualan oleh A12000032',2,'2020-12-03 16:20:07','A12000032'),('03/12/2020','KM','20201203-A12000032 L','1030.02',0,16500,'Pelunasan Piutang Penjualan oleh A12000032',1,'2020-12-03 16:20:15','A12000032'),('03/12/2020','KM','20201203-A12000032 L','1030.02',0,21000,'Pelunasan Piutang Penjualan oleh A12000032',1,'2020-12-03 16:19:37','A12000032'),('03/12/2020','KM','20201203-A12000032 L','1030.02',0,23500,'Pelunasan Piutang Penjualan oleh A12000032',1,'2020-12-03 16:19:59','A12000032'),('03/12/2020','KM','20201203-A12000032 L','1030.02',0,27000,'Pelunasan Piutang Penjualan oleh A12000032',1,'2020-12-03 16:19:52','A12000032'),('03/12/2020','KM','20201203-A12000032 L','1030.02',0,89503,'Pelunasan Piutang Penjualan oleh A12000032',1,'2020-12-03 16:20:07','A12000032'),('03/12/2020','KM','20201203-A12000040 L','1000',110000,0,'Pelunasan Piutang Penjualan oleh A12000040',2,'2020-12-03 16:18:01','A12000040'),('03/12/2020','KM','20201203-A12000040 L','1030.02',0,110000,'Pelunasan Piutang Penjualan oleh A12000040',1,'2020-12-03 16:18:01','A12000040'),('03/12/2020','KM','20201203-A12000053 L','1000',352500,0,'Pelunasan Piutang Penjualan oleh A12000053',2,'2020-12-03 16:21:23','A12000053'),('03/12/2020','KM','20201203-A12000053 L','1030.02',0,352500,'Pelunasan Piutang Penjualan oleh A12000053',1,'2020-12-03 16:21:23','A12000053'),('03/12/2020','KM','20201203-A12000061 L','1000',21000,0,'Pelunasan Piutang Penjualan oleh A12000061',2,'2020-12-03 16:15:55','A12000061'),('03/12/2020','KM','20201203-A12000061 L','1000',91100,0,'Pelunasan Piutang Penjualan oleh A12000061',2,'2020-12-03 16:15:49','A12000061'),('03/12/2020','KM','20201203-A12000061 L','1030.02',0,21000,'Pelunasan Piutang Penjualan oleh A12000061',1,'2020-12-03 16:15:55','A12000061'),('03/12/2020','KM','20201203-A12000061 L','1030.02',0,91100,'Pelunasan Piutang Penjualan oleh A12000061',1,'2020-12-03 16:15:49','A12000061'),('03/12/2020','KM','20201203-A12000063 L','1000',54000,0,'Pelunasan Piutang Penjualan oleh A12000063',2,'2020-12-03 15:05:12','A12000063'),('03/12/2020','KM','20201203-A12000063 L','1030.02',0,54000,'Pelunasan Piutang Penjualan oleh A12000063',1,'2020-12-03 15:05:12','A12000063'),('03/12/2020','KM','20201203-A12000074 L','1000',120000,0,'Pelunasan Piutang Penjualan oleh A12000074',2,'2020-12-03 16:18:50','A12000074'),('03/12/2020','KM','20201203-A12000074 L','1000',180000,0,'Pelunasan Piutang Penjualan oleh A12000074',2,'2020-12-03 16:19:02','A12000074'),('03/12/2020','KM','20201203-A12000074 L','1030.02',0,120000,'Pelunasan Piutang Penjualan oleh A12000074',1,'2020-12-03 16:18:50','A12000074'),('03/12/2020','KM','20201203-A12000074 L','1030.02',0,180000,'Pelunasan Piutang Penjualan oleh A12000074',1,'2020-12-03 16:19:02','A12000074'),('04/03/2021','FJ','2021-03-04 15:15:55','1030.02',45000,0,'Piutang Penjualan oleh A12000013',1,'2021-03-04 15:15:55','A12000013'),('04/03/2021','FJ','2021-03-04 15:15:55','1050',0,36000,'Persediaan Penjualan oleh A12000013',5,'2021-03-04 15:15:55','0'),('04/03/2021','FJ','2021-03-04 15:15:55','4001.22',0,45000,'Piutang Penjualan oleh A12000013',2,'2021-03-04 15:15:55','0'),('04/03/2021','FJ','2021-03-04 15:15:55','5001',36000,0,'Persediaan Penjualan oleh A12000013',4,'2021-03-04 15:15:55','0'),('04/03/2021','FJ','2021-03-04 15:20:10','1030.02',196500,0,'Piutang Penjualan oleh A12000074',1,'2021-03-04 15:20:10','A12000074'),('04/03/2021','FJ','2021-03-04 15:20:10','1050',0,179417,'Persediaan Penjualan oleh A12000074',5,'2021-03-04 15:20:10','0'),('04/03/2021','FJ','2021-03-04 15:20:10','4001.22',0,196500,'Piutang Penjualan oleh A12000074',2,'2021-03-04 15:20:10','0'),('04/03/2021','FJ','2021-03-04 15:20:10','5001',179417,0,'Persediaan Penjualan oleh A12000074',4,'2021-03-04 15:20:10','0'),('04/03/2021','KM','20210304-A12000004 L','1000',169500,0,'Pelunasan Piutang Penjualan oleh A12000004',2,'2021-03-04 15:38:47','A12000004'),('04/03/2021','KM','20210304-A12000004 L','1030.02',0,169500,'Pelunasan Piutang Penjualan oleh A12000004',1,'2021-03-04 15:38:47','A12000004'),('04/03/2021','KM','20210304-A12000010 L','1000',70000,0,'Pelunasan Piutang Penjualan oleh A12000010',2,'2021-03-04 15:43:01','A12000010'),('04/03/2021','KM','20210304-A12000010 L','1030.02',0,70000,'Pelunasan Piutang Penjualan oleh A12000010',1,'2021-03-04 15:43:01','A12000010'),('04/03/2021','KM','20210304-A12000013 L','1000',30000,0,'Pelunasan Piutang Penjualan oleh A12000013',2,'2021-03-04 15:39:25','A12000013'),('04/03/2021','KM','20210304-A12000013 L','1000',35000,0,'Pelunasan Piutang Penjualan oleh A12000013',2,'2021-03-04 15:39:34','A12000013'),('04/03/2021','KM','20210304-A12000013 L','1000',45000,0,'Pelunasan Piutang Penjualan oleh A12000013',2,'2021-03-04 15:39:43','A12000013'),('04/03/2021','KM','20210304-A12000013 L','1030.02',0,30000,'Pelunasan Piutang Penjualan oleh A12000013',1,'2021-03-04 15:39:25','A12000013'),('04/03/2021','KM','20210304-A12000013 L','1030.02',0,35000,'Pelunasan Piutang Penjualan oleh A12000013',1,'2021-03-04 15:39:34','A12000013'),('04/03/2021','KM','20210304-A12000013 L','1030.02',0,45000,'Pelunasan Piutang Penjualan oleh A12000013',1,'2021-03-04 15:39:43','A12000013'),('04/03/2021','KM','20210304-A12000032 L','1000',52000,0,'Pelunasan Piutang Penjualan oleh A12000032',2,'2021-03-04 15:45:24','A12000032'),('04/03/2021','KM','20210304-A12000032 L','1030.02',0,52000,'Pelunasan Piutang Penjualan oleh A12000032',1,'2021-03-04 15:45:24','A12000032'),('04/03/2021','KM','20210304-A12000061 L','1000',92434,0,'Pelunasan Piutang Penjualan oleh A12000061',2,'2021-03-04 15:40:48','A12000061'),('04/03/2021','KM','20210304-A12000061 L','1030.02',0,92434,'Pelunasan Piutang Penjualan oleh A12000061',1,'2021-03-04 15:40:48','A12000061'),('04/03/2021','KM','20210304-A12000074 L','1000',196500,0,'Pelunasan Piutang Penjualan oleh A12000074',2,'2021-03-04 15:40:19','A12000074'),('04/03/2021','KM','20210304-A12000074 L','1030.02',0,196500,'Pelunasan Piutang Penjualan oleh A12000074',1,'2021-03-04 15:40:19','A12000074'),('04/03/2021','KM','20210304-A12000079 L','1000',390500,0,'Pelunasan Piutang Penjualan oleh A12000079',2,'2021-03-04 15:45:59','A12000079'),('04/03/2021','KM','20210304-A12000079 L','1030.02',0,390500,'Pelunasan Piutang Penjualan oleh A12000079',1,'2021-03-04 15:45:59','A12000079'),('04/11/2020','FJ','2020-11-04 11:57:43','1030.02',46334,0,'Piutang Penjualan oleh A12000001',1,'2020-11-04 11:57:44','A12000001'),('04/11/2020','FJ','2020-11-04 11:57:43','1050',0,46334,'Persediaan Penjualan oleh A12000001',5,'2020-11-04 11:57:44','0'),('04/11/2020','FJ','2020-11-04 11:57:43','4001.22',0,46334,'Piutang Penjualan oleh A12000001',2,'2020-11-04 11:57:44','0'),('04/11/2020','FJ','2020-11-04 11:57:43','5001',46334,0,'Persediaan Penjualan oleh A12000001',4,'2020-11-04 11:57:44','0'),('04/11/2020','FJ','2020-11-04 12:16:20','1030.02',21000,0,'Piutang Penjualan oleh A12000003',1,'2020-11-04 12:16:22','A12000003'),('04/11/2020','FJ','2020-11-04 12:16:20','1050',0,21000,'Persediaan Penjualan oleh A12000003',5,'2020-11-04 12:16:23','0'),('04/11/2020','FJ','2020-11-04 12:16:20','4001.22',0,21000,'Piutang Penjualan oleh A12000003',2,'2020-11-04 12:16:22','0'),('04/11/2020','FJ','2020-11-04 12:16:20','5001',21000,0,'Persediaan Penjualan oleh A12000003',4,'2020-11-04 12:16:22','0'),('04/11/2020','FJ','2020-11-04 12:24:28','1030.02',91100,0,'Piutang Penjualan oleh A12000061',1,'2020-11-04 12:24:28','A12000061'),('04/11/2020','FJ','2020-11-04 12:24:28','1050',0,91100,'Persediaan Penjualan oleh A12000061',5,'2020-11-04 12:24:28','0'),('04/11/2020','FJ','2020-11-04 12:24:28','4001.22',0,91100,'Piutang Penjualan oleh A12000061',2,'2020-11-04 12:24:28','0'),('04/11/2020','FJ','2020-11-04 12:24:28','5001',91100,0,'Persediaan Penjualan oleh A12000061',4,'2020-11-04 12:24:28','0'),('04/11/2020','FJ','2020-11-04 12:28:11','1030.02',77500,0,'Piutang Penjualan oleh A12000001',1,'2020-11-04 12:28:14','A12000001'),('04/11/2020','FJ','2020-11-04 12:28:11','1050',0,77500,'Persediaan Penjualan oleh A12000001',5,'2020-11-04 12:28:16','0'),('04/11/2020','FJ','2020-11-04 12:28:11','4001.22',0,77500,'Piutang Penjualan oleh A12000001',2,'2020-11-04 12:28:15','0'),('04/11/2020','FJ','2020-11-04 12:28:11','5001',77500,0,'Persediaan Penjualan oleh A12000001',4,'2020-11-04 12:28:16','0'),('04/11/2020','FJ','2020-11-04 12:30:55','1000',68000,0,'Penjualan Tunai',1,'2020-11-04 12:31:00','0'),('04/11/2020','FJ','2020-11-04 12:30:55','1050',0,68000,'Persediaan Penjualan',4,'2020-11-04 12:31:03','0'),('04/11/2020','FJ','2020-11-04 12:30:55','4001.22',0,68000,'Penjualan Tunai',2,'2020-11-04 12:31:00','0'),('04/11/2020','FJ','2020-11-04 12:30:55','5001',68000,0,'Persediaan Penjualan',3,'2020-11-04 12:31:01','0'),('04/11/2020','FJ','2020-11-04 12:35:44','1030.02',74000,0,'Piutang Penjualan oleh A12000071',1,'2020-11-04 12:35:45','A12000071'),('04/11/2020','FJ','2020-11-04 12:35:44','1050',0,64968,'Persediaan Penjualan oleh A12000071',5,'2020-11-04 12:35:45','0'),('04/11/2020','FJ','2020-11-04 12:35:44','4001.22',0,74000,'Piutang Penjualan oleh A12000071',2,'2020-11-04 12:35:45','0'),('04/11/2020','FJ','2020-11-04 12:35:44','5001',64968,0,'Persediaan Penjualan oleh A12000071',4,'2020-11-04 12:35:45','0'),('04/12/2020','FJ','2020-12-04 12:02:27','1030.02',9000,0,'Piutang Penjualan oleh A12000001',1,'2020-12-04 12:02:27','A12000001'),('04/12/2020','FJ','2020-12-04 12:02:27','1050',0,9000,'Persediaan Penjualan oleh A12000001',5,'2020-12-04 12:02:27','0'),('04/12/2020','FJ','2020-12-04 12:02:27','4001.22',0,9000,'Piutang Penjualan oleh A12000001',2,'2020-12-04 12:02:27','0'),('04/12/2020','FJ','2020-12-04 12:02:27','5001',9000,0,'Persediaan Penjualan oleh A12000001',4,'2020-12-04 12:02:27','0'),('04/12/2020','FJ','2020-12-04 12:10:10','1000',82500,0,'Penjualan Tunai',1,'2020-12-04 12:10:10','0'),('04/12/2020','FJ','2020-12-04 12:10:10','1050',0,73900,'Persediaan Penjualan',4,'2020-12-04 12:10:10','0'),('04/12/2020','FJ','2020-12-04 12:10:10','4001.22',0,82500,'Penjualan Tunai',2,'2020-12-04 12:10:10','0'),('04/12/2020','FJ','2020-12-04 12:10:10','5001',73900,0,'Persediaan Penjualan',3,'2020-12-04 12:10:10','0'),('04/12/2020','FJ','2020-12-04 15:08:10','1030.02',11500,0,'Piutang Penjualan oleh A12000032',1,'2020-12-04 15:08:10','A12000032'),('04/12/2020','FJ','2020-12-04 15:08:10','1050',0,11500,'Persediaan Penjualan oleh A12000032',5,'2020-12-04 15:08:11','0'),('04/12/2020','FJ','2020-12-04 15:08:10','4001.22',0,11500,'Piutang Penjualan oleh A12000032',2,'2020-12-04 15:08:10','0'),('04/12/2020','FJ','2020-12-04 15:08:10','5001',11500,0,'Persediaan Penjualan oleh A12000032',4,'2020-12-04 15:08:11','0'),('06/01/2021','FJ','2021-01-06 12:58:27','1030.02',46500,0,'Piutang Penjualan oleh A12000053',1,'2021-01-06 12:58:27','A12000053'),('06/01/2021','FJ','2021-01-06 12:58:27','1050',0,41252,'Persediaan Penjualan oleh A12000053',5,'2021-01-06 12:58:28','0'),('06/01/2021','FJ','2021-01-06 12:58:27','4001.22',0,46500,'Piutang Penjualan oleh A12000053',2,'2021-01-06 12:58:28','0'),('06/01/2021','FJ','2021-01-06 12:58:27','5001',41252,0,'Persediaan Penjualan oleh A12000053',4,'2021-01-06 12:58:28','0'),('07/01/2021','FJ','2021-01-07 15:51:58','1030.02',113000,0,'Piutang Penjualan oleh A12000001',1,'2021-01-07 15:51:58','A12000001'),('07/01/2021','FJ','2021-01-07 15:51:58','1050',0,113000,'Persediaan Penjualan oleh A12000001',5,'2021-01-07 15:51:59','0'),('07/01/2021','FJ','2021-01-07 15:51:58','4001.22',0,113000,'Piutang Penjualan oleh A12000001',2,'2021-01-07 15:51:59','0'),('07/01/2021','FJ','2021-01-07 15:51:58','5001',113000,0,'Persediaan Penjualan oleh A12000001',4,'2021-01-07 15:51:59','0'),('07/01/2021','FJ','2021-01-07 16:00:31','1030.02',151082,0,'Piutang Penjualan oleh A12000032',1,'2021-01-07 16:00:32','A12000032'),('07/01/2021','FJ','2021-01-07 16:00:31','1050',0,151082,'Persediaan Penjualan oleh A12000032',5,'2021-01-07 16:00:32','0'),('07/01/2021','FJ','2021-01-07 16:00:31','4001.22',0,151082,'Piutang Penjualan oleh A12000032',2,'2021-01-07 16:00:32','0'),('07/01/2021','FJ','2021-01-07 16:00:31','5001',151082,0,'Persediaan Penjualan oleh A12000032',4,'2021-01-07 16:00:32','0'),('07/01/2021','FJ','2021-01-07 16:04:39','1030.02',206000,0,'Piutang Penjualan oleh A12000074',1,'2021-01-07 16:04:39','A12000074'),('07/01/2021','FJ','2021-01-07 16:04:39','1050',0,194500,'Persediaan Penjualan oleh A12000074',5,'2021-01-07 16:04:39','0'),('07/01/2021','FJ','2021-01-07 16:04:39','4001.22',0,206000,'Piutang Penjualan oleh A12000074',2,'2021-01-07 16:04:39','0'),('07/01/2021','FJ','2021-01-07 16:04:39','5001',194500,0,'Persediaan Penjualan oleh A12000074',4,'2021-01-07 16:04:39','0'),('07/01/2021','FJ','2021-01-07 16:05:51','1030.02',56000,0,'Piutang Penjualan oleh A12000071',1,'2021-01-07 16:05:51','A12000071'),('07/01/2021','FJ','2021-01-07 16:05:51','1050',0,50318,'Persediaan Penjualan oleh A12000071',5,'2021-01-07 16:05:51','0'),('07/01/2021','FJ','2021-01-07 16:05:51','4001.22',0,56000,'Piutang Penjualan oleh A12000071',2,'2021-01-07 16:05:51','0'),('07/01/2021','FJ','2021-01-07 16:05:51','5001',50318,0,'Persediaan Penjualan oleh A12000071',4,'2021-01-07 16:05:51','0'),('08/12/2020','FJ','2020-12-08 11:51:13','1000',18000,0,'Penjualan Tunai',1,'2020-12-08 11:51:13','0'),('08/12/2020','FJ','2020-12-08 11:51:13','1050',0,16000,'Persediaan Penjualan',4,'2020-12-08 11:51:13','0'),('08/12/2020','FJ','2020-12-08 11:51:13','4001.22',0,18000,'Penjualan Tunai',2,'2020-12-08 11:51:13','0'),('08/12/2020','FJ','2020-12-08 11:51:13','5001',16000,0,'Persediaan Penjualan',3,'2020-12-08 11:51:13','0'),('08/12/2020','FJ','2020-12-08 11:57:53','1000',25000,0,'Penjualan Tunai',1,'2020-12-08 11:57:53','0'),('08/12/2020','FJ','2020-12-08 11:57:53','1050',0,19500,'Persediaan Penjualan',4,'2020-12-08 11:57:53','0'),('08/12/2020','FJ','2020-12-08 11:57:53','4001.22',0,25000,'Penjualan Tunai',2,'2020-12-08 11:57:53','0'),('08/12/2020','FJ','2020-12-08 11:57:53','5001',19500,0,'Persediaan Penjualan',3,'2020-12-08 11:57:53','0'),('08/12/2020','FJ','2020-12-08 12:02:22','1000',20000,0,'Penjualan Tunai',1,'2020-12-08 12:02:22','0'),('08/12/2020','FJ','2020-12-08 12:02:22','1050',0,15000,'Persediaan Penjualan',4,'2020-12-08 12:02:22','0'),('08/12/2020','FJ','2020-12-08 12:02:22','4001.22',0,20000,'Penjualan Tunai',2,'2020-12-08 12:02:22','0'),('08/12/2020','FJ','2020-12-08 12:02:22','5001',15000,0,'Persediaan Penjualan',3,'2020-12-08 12:02:22','0'),('08/12/2020','FJ','2020-12-08 12:05:54','1030.02',42000,0,'Piutang Penjualan oleh 1',1,'2020-12-08 12:05:55','1'),('08/12/2020','FJ','2020-12-08 12:05:54','1050',0,35500,'Persediaan Penjualan oleh 1',5,'2020-12-08 12:05:55','0'),('08/12/2020','FJ','2020-12-08 12:05:54','4001.22',0,42000,'Piutang Penjualan oleh 1',2,'2020-12-08 12:05:55','0'),('08/12/2020','FJ','2020-12-08 12:05:54','5001',35500,0,'Persediaan Penjualan oleh 1',4,'2020-12-08 12:05:55','0'),('08/12/2020','FK','2020-11-23 16:25:31','1000',0,187800,'Pembayaran Persediaan Konsinasi oleh 8',2,'2020-12-08 12:30:27','0'),('08/12/2020','FK','2020-11-23 16:25:31','1050',0,22200,'Return Persediaan Konsinasi oleh 8',2,'2020-12-08 12:30:27','0'),('08/12/2020','FK','2020-11-23 16:25:31','5001',22200,0,'Return Persediaan Konsinasi oleh 8',1,'2020-12-08 12:30:27','0'),('08/12/2020','FK','2020-11-23 16:25:31','5001.01',187800,0,'Pembayaran Persediaan Konsinasi oleh 8',1,'2020-12-08 12:30:26','0'),('08/12/2020','FK','2020-11-24 13:46:05','1000',0,64000,'Pembayaran Persediaan Konsinasi oleh 8',2,'2020-12-08 12:34:36','0'),('08/12/2020','FK','2020-11-24 13:46:05','1050',0,0,'Return Persediaan Konsinasi oleh 8',2,'2020-12-08 12:34:36','0'),('08/12/2020','FK','2020-11-24 13:46:05','5001',0,0,'Return Persediaan Konsinasi oleh 8',1,'2020-12-08 12:34:36','0'),('08/12/2020','FK','2020-11-24 13:46:05','5001.01',64000,0,'Pembayaran Persediaan Konsinasi oleh 8',1,'2020-12-08 12:34:36','0'),('09/12/2020','KM','2012005','1000',5000000,0,'KAS MASUK DARI LENDER RDN',1,'2020-12-14 11:38:45','0'),('09/12/2020','KM','2012005','2001.02.005',0,5000000,'KAS MASUK DARI LENDER RDN',2,'2020-12-14 11:38:45','0'),('09/12/2020','KM','2012056','1000',10000000,0,'KAS MASUK DARI LENDER PID',1,'2020-12-14 11:37:59','0'),('09/12/2020','KM','2012056','2001.02.056',0,10000000,'KAS MASUK DARI LENDER PID',2,'2020-12-14 11:37:59','0'),('10/03/2021','FJ','2021-03-10 11:20:32','1030.02',56000,0,'Piutang Penjualan oleh A12000084',1,'2021-03-10 11:20:32','A12000084'),('10/03/2021','FJ','2021-03-10 11:20:32','1050',0,51250,'Persediaan Penjualan oleh A12000084',5,'2021-03-10 11:20:32','0'),('10/03/2021','FJ','2021-03-10 11:20:32','4001.22',0,56000,'Piutang Penjualan oleh A12000084',2,'2021-03-10 11:20:32','0'),('10/03/2021','FJ','2021-03-10 11:20:32','5001',51250,0,'Persediaan Penjualan oleh A12000084',4,'2021-03-10 11:20:32','0'),('10/11/2020','FJ','2020-11-10 11:33:15','1030.02',258500,0,'Piutang Penjualan oleh A12000013',1,'2020-11-10 11:33:20','A12000013'),('10/11/2020','FJ','2020-11-10 11:33:15','1050',0,237585,'Persediaan Penjualan oleh A12000013',5,'2020-11-10 11:33:21','0'),('10/11/2020','FJ','2020-11-10 11:33:15','4001.22',0,258500,'Piutang Penjualan oleh A12000013',2,'2020-11-10 11:33:21','0'),('10/11/2020','FJ','2020-11-10 11:33:15','5001',237585,0,'Persediaan Penjualan oleh A12000013',4,'2020-11-10 11:33:21','0'),('10/11/2020','FJ','2020-11-10 11:37:03','1000',185000,0,'Penjualan Tunai',1,'2020-11-10 11:37:03','0'),('10/11/2020','FJ','2020-11-10 11:37:03','1050',0,173400,'Persediaan Penjualan',4,'2020-11-10 11:37:03','0'),('10/11/2020','FJ','2020-11-10 11:37:03','4001.22',0,185000,'Penjualan Tunai',2,'2020-11-10 11:37:03','0'),('10/11/2020','FJ','2020-11-10 11:37:03','5001',173400,0,'Persediaan Penjualan',3,'2020-11-10 11:37:03','0'),('10/11/2020','FJ','2020-11-10 12:46:35','1030.02',108000,0,'Piutang Penjualan oleh A12000023',1,'2020-11-10 12:46:35','A12000023'),('10/11/2020','FJ','2020-11-10 12:46:35','1050',0,103000,'Persediaan Penjualan oleh A12000023',5,'2020-11-10 12:46:35','0'),('10/11/2020','FJ','2020-11-10 12:46:35','4001.22',0,108000,'Piutang Penjualan oleh A12000023',2,'2020-11-10 12:46:35','0'),('10/11/2020','FJ','2020-11-10 12:46:35','5001',103000,0,'Persediaan Penjualan oleh A12000023',4,'2020-11-10 12:46:35','0'),('10/11/2020','FJ','2020-11-10 13:13:11','1000',52000,0,'Penjualan Tunai',1,'2020-11-10 13:13:11','0'),('10/11/2020','FJ','2020-11-10 13:13:11','1050',0,52000,'Persediaan Penjualan',4,'2020-11-10 13:13:11','0'),('10/11/2020','FJ','2020-11-10 13:13:11','4001.22',0,52000,'Penjualan Tunai',2,'2020-11-10 13:13:11','0'),('10/11/2020','FJ','2020-11-10 13:13:11','5001',52000,0,'Persediaan Penjualan',3,'2020-11-10 13:13:11','0'),('10/11/2020','FJ','2020-11-10 13:19:22','1000',127300,0,'Penjualan Tunai',1,'2020-11-10 13:19:22','0'),('10/11/2020','FJ','2020-11-10 13:19:22','1050',0,127300,'Persediaan Penjualan',4,'2020-11-10 13:19:22','0'),('10/11/2020','FJ','2020-11-10 13:19:22','4001.22',0,127300,'Penjualan Tunai',2,'2020-11-10 13:19:22','0'),('10/11/2020','FJ','2020-11-10 13:19:22','5001',127300,0,'Persediaan Penjualan',3,'2020-11-10 13:19:22','0'),('10/12/2020','FB','2020-12-10 1003','1050',3000,0,'Penyesuaian kenaikan harga no barang1003',1,'2020-12-10 17:20:09','0'),('10/12/2020','FB','2020-12-10 1003','5001',0,3000,'Penyesuaian kenaikan harga no barang1003',2,'2020-12-10 17:20:09','0'),('10/12/2020','FB','2020-12-10 1005','1050',0,0,'Penyesuaian kenaikan harga no barang1005',1,'2020-12-10 17:20:10','0'),('10/12/2020','FB','2020-12-10 1005','5001',0,0,'Penyesuaian kenaikan harga no barang1005',2,'2020-12-10 17:20:10','0'),('10/12/2020','FB','2020-12-10 1006','1050',0,0,'Penyesuaian kenaikan harga no barang1006',1,'2020-12-10 17:20:10','0'),('10/12/2020','FB','2020-12-10 1006','5001',0,0,'Penyesuaian kenaikan harga no barang1006',2,'2020-12-10 17:20:10','0'),('10/12/2020','FB','2020-12-10 1007','1050',0,0,'Penyesuaian kenaikan harga no barang1007',1,'2020-12-10 17:20:10','0'),('10/12/2020','FB','2020-12-10 1007','5001',0,0,'Penyesuaian kenaikan harga no barang1007',2,'2020-12-10 17:20:10','0'),('10/12/2020','FB','2020-12-10 1010','1050',1629,0,'Penyesuaian kenaikan harga no barang1010',1,'2020-12-10 17:20:09','0'),('10/12/2020','FB','2020-12-10 1010','5001',0,1629,'Penyesuaian kenaikan harga no barang1010',2,'2020-12-10 17:20:09','0'),('10/12/2020','FB','2020-12-10 17:20:09','1050',1756402,0,'Persediaan Pembelian pada 6',4,'2020-12-10 17:20:10','0'),('10/12/2020','FB','2020-12-10 17:20:09','2002.01',0,1756402,'Hutang Pembelian pada 6 Indogrosir',2,'2020-12-10 17:20:10','0'),('10/12/2020','FB','2020-12-10 17:20:09','5001',0,1756402,'Persediaan Pembelian pada 6',5,'2020-12-10 17:20:10','0'),('10/12/2020','FB','2020-12-10 17:20:09','5001.01',1756402,0,'Hutang Pembelian pada 6 Indogrosir',1,'2020-12-10 17:20:10','0'),('10/12/2020','FJ','2020-12-10 11:56:55','1000',15000,0,'Penjualan Tunai',1,'2020-12-10 11:56:55','0'),('10/12/2020','FJ','2020-12-10 11:56:55','1050',0,12000,'Persediaan Penjualan',4,'2020-12-10 11:56:55','0'),('10/12/2020','FJ','2020-12-10 11:56:55','4001.22',0,15000,'Penjualan Tunai',2,'2020-12-10 11:56:55','0'),('10/12/2020','FJ','2020-12-10 11:56:55','5001',12000,0,'Persediaan Penjualan',3,'2020-12-10 11:56:55','0'),('10/12/2020','FJ','2020-12-10 11:58:31','1000',15000,0,'Penjualan Tunai',1,'2020-12-10 11:58:31','0'),('10/12/2020','FJ','2020-12-10 11:58:31','1050',0,12000,'Persediaan Penjualan',4,'2020-12-10 11:58:31','0'),('10/12/2020','FJ','2020-12-10 11:58:31','4001.22',0,15000,'Penjualan Tunai',2,'2020-12-10 11:58:31','0'),('10/12/2020','FJ','2020-12-10 11:58:31','5001',12000,0,'Persediaan Penjualan',3,'2020-12-10 11:58:31','0'),('10/12/2020','FJ','2020-12-10 12:00:56','1000',30000,0,'Penjualan Tunai',1,'2020-12-10 12:00:56','0'),('10/12/2020','FJ','2020-12-10 12:00:56','1050',0,24000,'Persediaan Penjualan',4,'2020-12-10 12:00:56','0'),('10/12/2020','FJ','2020-12-10 12:00:56','4001.22',0,30000,'Penjualan Tunai',2,'2020-12-10 12:00:56','0'),('10/12/2020','FJ','2020-12-10 12:00:56','5001',24000,0,'Persediaan Penjualan',3,'2020-12-10 12:00:56','0'),('10/12/2020','FJ','2020-12-10 12:03:00','1030.02',6000,0,'Piutang Penjualan oleh A12000032',1,'2020-12-10 12:03:00','A12000032'),('10/12/2020','FJ','2020-12-10 12:03:00','1050',0,6000,'Persediaan Penjualan oleh A12000032',5,'2020-12-10 12:03:00','0'),('10/12/2020','FJ','2020-12-10 12:03:00','4001.22',0,6000,'Piutang Penjualan oleh A12000032',2,'2020-12-10 12:03:00','0'),('10/12/2020','FJ','2020-12-10 12:03:00','5001',6000,0,'Persediaan Penjualan oleh A12000032',4,'2020-12-10 12:03:00','0'),('10/12/2020','FJ','2020-12-10 17:09:09','1000',45000,0,'Penjualan Tunai',1,'2020-12-10 17:09:09','0'),('10/12/2020','FJ','2020-12-10 17:09:09','1050',0,36000,'Persediaan Penjualan',4,'2020-12-10 17:09:09','0'),('10/12/2020','FJ','2020-12-10 17:09:09','4001.22',0,45000,'Penjualan Tunai',2,'2020-12-10 17:09:09','0'),('10/12/2020','FJ','2020-12-10 17:09:09','5001',36000,0,'Persediaan Penjualan',3,'2020-12-10 17:09:09','0'),('10/12/2020','FJ','2020-12-10 17:21:07','1030.02',114000,0,'Piutang Penjualan oleh A12000079',1,'2020-12-10 17:21:07','A12000079'),('10/12/2020','FJ','2020-12-10 17:21:07','1050',0,102668,'Persediaan Penjualan oleh A12000079',5,'2020-12-10 17:21:07','0'),('10/12/2020','FJ','2020-12-10 17:21:07','4001.22',0,114000,'Piutang Penjualan oleh A12000079',2,'2020-12-10 17:21:07','0'),('10/12/2020','FJ','2020-12-10 17:21:07','5001',102668,0,'Persediaan Penjualan oleh A12000079',4,'2020-12-10 17:21:07','0'),('10/12/2020','FJ','2020-12-10 17:23:32','1030.02',18150,0,'Piutang Penjualan oleh A12000061',1,'2020-12-10 17:23:32','A12000061'),('10/12/2020','FJ','2020-12-10 17:23:32','1050',0,18150,'Persediaan Penjualan oleh A12000061',5,'2020-12-10 17:23:32','0'),('10/12/2020','FJ','2020-12-10 17:23:32','4001.22',0,18150,'Piutang Penjualan oleh A12000061',2,'2020-12-10 17:23:32','0'),('10/12/2020','FJ','2020-12-10 17:23:32','5001',18150,0,'Persediaan Penjualan oleh A12000061',4,'2020-12-10 17:23:32','0'),('10/12/2020','FJ','2020-12-10 17:23:55','1000',52500,0,'Penjualan Tunai',1,'2020-12-10 17:23:55','0'),('10/12/2020','FJ','2020-12-10 17:23:55','1050',0,52500,'Persediaan Penjualan',4,'2020-12-10 17:23:55','0'),('10/12/2020','FJ','2020-12-10 17:23:55','4001.22',0,52500,'Penjualan Tunai',2,'2020-12-10 17:23:55','0'),('10/12/2020','FJ','2020-12-10 17:23:55','5001',52500,0,'Persediaan Penjualan',3,'2020-12-10 17:23:55','0'),('10/12/2020','KM','2012021','1000',5000000,0,'KAS MASUK DARI LENDER JAN',1,'2020-12-14 11:39:37','0'),('10/12/2020','KM','2012021','2001.02.021',0,5000000,'KAS MASUK DARI LENDER JAN',2,'2020-12-14 11:39:37','0'),('10/12/2020','PA','2012081','1000',0,4970000,'PENCAIRAN PIUTANG SLAMET',1,'2020-12-14 11:22:26','0'),('10/12/2020','PA','2012081','1030.03.081',5000000,0,'PENCAIRAN PIUTANG SLAMET',2,'2020-12-14 11:22:27','0'),('10/12/2020','PA','2012081','4001.02',0,30000,'PENCAIRAN PIUTANG SLAMET',3,'2020-12-14 11:22:27','0'),('10/12/2020','PA','2012082','1000',0,4970000,'PENCAIRAN PIUTANG DIDIT',1,'2020-12-14 11:20:44','0'),('10/12/2020','PA','2012082','1030.03.082',5000000,0,'PENCAIRAN PIUTANG DIDIT',2,'2020-12-14 11:20:45','0'),('10/12/2020','PA','2012082','4001.02',0,30000,'PENCAIRAN PIUTANG DIDIT',3,'2020-12-14 11:20:45','0'),('11/11/2020','PA','2011071','1000',0,3975000,'PENCAIRAN SUTRIANA BUDI',1,'2020-12-10 16:28:02','0'),('11/11/2020','PA','2011071','1030.03.071',4000000,0,'PENCAIRAN SUTRIANA BUDI',2,'2020-12-10 16:28:02','0'),('11/11/2020','PA','2011071','4001.02',0,25000,'PENCAIRAN SUTRIANA BUDI',3,'2020-12-10 16:28:03','0'),('11/12/2020','FJ','2020-12-11 11:58:18','1000',112000,0,'Penjualan Tunai',1,'2020-12-11 11:58:18','0'),('11/12/2020','FJ','2020-12-11 11:58:18','1050',0,105000,'Persediaan Penjualan',4,'2020-12-11 11:58:19','0'),('11/12/2020','FJ','2020-12-11 11:58:18','4001.22',0,112000,'Penjualan Tunai',2,'2020-12-11 11:58:18','0'),('11/12/2020','FJ','2020-12-11 11:58:18','5001',105000,0,'Persediaan Penjualan',3,'2020-12-11 11:58:19','0'),('12/01/2021','FJ','2021-01-12 13:20:09','1000',103000,0,'Penjualan Tunai',1,'2021-01-12 13:20:09','0'),('12/01/2021','FJ','2021-01-12 13:20:09','1050',0,103000,'Persediaan Penjualan',4,'2021-01-12 13:20:10','0'),('12/01/2021','FJ','2021-01-12 13:20:09','4001.22',0,103000,'Penjualan Tunai',2,'2021-01-12 13:20:10','0'),('12/01/2021','FJ','2021-01-12 13:20:09','5001',103000,0,'Persediaan Penjualan',3,'2021-01-12 13:20:10','0'),('12/11/2020','FJ','2020-11-12 15:23:57','1030.02',32500,0,'Piutang Penjualan oleh A12000003',1,'2020-11-12 15:23:57','A12000003'),('12/11/2020','FJ','2020-11-12 15:23:57','1050',0,32500,'Persediaan Penjualan oleh A12000003',5,'2020-11-12 15:23:57','0'),('12/11/2020','FJ','2020-11-12 15:23:57','4001.22',0,32500,'Piutang Penjualan oleh A12000003',2,'2020-11-12 15:23:57','0'),('12/11/2020','FJ','2020-11-12 15:23:57','5001',32500,0,'Persediaan Penjualan oleh A12000003',4,'2020-11-12 15:23:57','0'),('12/11/2020','FJ','2020-11-12 15:29:54','1030.02',120000,0,'Piutang Penjualan oleh A12000074',1,'2020-11-12 15:29:54','A12000074'),('12/11/2020','FJ','2020-11-12 15:29:54','1050',0,114500,'Persediaan Penjualan oleh A12000074',5,'2020-11-12 15:29:54','0'),('12/11/2020','FJ','2020-11-12 15:29:54','4001.22',0,120000,'Piutang Penjualan oleh A12000074',2,'2020-11-12 15:29:54','0'),('12/11/2020','FJ','2020-11-12 15:29:54','5001',114500,0,'Persediaan Penjualan oleh A12000074',4,'2020-11-12 15:29:54','0'),('12/11/2020','FJ','2020-11-12 15:43:03','1000',0,68000,'Hapus Penjualan No Bukti 2020-11-04 12:30:55 A12000005',1,'2020-11-12 15:43:03','0'),('12/11/2020','FJ','2020-11-12 15:43:03','1050',68000,0,'Hapus Penjualan No Bukti 2020-11-04 12:30:55 A12000005',4,'2020-11-12 15:43:03','0'),('12/11/2020','FJ','2020-11-12 15:43:03','4001.22',68000,0,'Hapus Penjualan No Bukti 2020-11-04 12:30:55 A12000005',2,'2020-11-12 15:43:03','0'),('12/11/2020','FJ','2020-11-12 15:43:03','5001',0,68000,'Hapus Penjualan No Bukti 2020-11-04 12:30:55 A12000005',3,'2020-11-12 15:43:03','0'),('12/11/2020','FJ','2020-11-12 15:43:04R','1000',63000,0,'Ref Piutang Penjualan oleh A12000005 no Bukti 2020-11-04 12:30:55',3,'2020-11-12 15:43:04','0'),('12/11/2020','FJ','2020-11-12 15:43:04R','1030.02',0,0,'Ref Piutang Penjualan oleh A12000005 no Bukti 2020-11-04 12:30:55',1,'2020-11-12 15:43:04','A12000005'),('12/11/2020','FJ','2020-11-12 15:43:04R','1050',0,63000,'Ref Piutang Penjualan oleh A12000005 no Bukti 2020-11-04 12:30:55',5,'2020-11-12 15:43:04','0'),('12/11/2020','FJ','2020-11-12 15:43:04R','4001.22',0,63000,'Ref Piutang Penjualan oleh A12000005 no Bukti 2020-11-04 12:30:55',2,'2020-11-12 15:43:04','0'),('12/11/2020','FJ','2020-11-12 15:43:04R','5001',63000,0,'Ref Piutang Penjualan oleh A12000005 no Bukti 2020-11-04 12:30:55',4,'2020-11-12 15:43:04','0'),('12/11/2020','FJ','2020-11-12 15:46:32','1000',167000,0,'Penjualan Tunai',1,'2020-11-12 15:46:32','0'),('12/11/2020','FJ','2020-11-12 15:46:32','1050',0,159500,'Persediaan Penjualan',4,'2020-11-12 15:46:32','0'),('12/11/2020','FJ','2020-11-12 15:46:32','4001.22',0,167000,'Penjualan Tunai',2,'2020-11-12 15:46:32','0'),('12/11/2020','FJ','2020-11-12 15:46:32','5001',159500,0,'Persediaan Penjualan',3,'2020-11-12 15:46:32','0'),('12/11/2020','KM','20201112-A12000004 L','1000',110500,0,'Pelunasan Piutang Penjualan oleh A12000004',2,'2020-11-12 16:21:33','A12000004'),('12/11/2020','KM','20201112-A12000004 L','1030.02',0,110500,'Pelunasan Piutang Penjualan oleh A12000004',1,'2020-11-12 16:21:33','A12000004'),('12/11/2020','KM','20201112-A12000005 L','1000',104000,0,'Pelunasan Piutang Penjualan oleh A12000005',2,'2020-11-12 16:13:27','A12000005'),('12/11/2020','KM','20201112-A12000005 L','1030.02',0,104000,'Pelunasan Piutang Penjualan oleh A12000005',1,'2020-11-12 16:13:27','A12000005'),('13/11/2020','FB','2020-11-13 1003','1050',0,367,'Penyesuaian penurunan harga no barang1003',1,'2020-11-13 16:02:08','0'),('13/11/2020','FB','2020-11-13 1003','5001',367,0,'Penyesuaian penurunan harga no barang1003',2,'2020-11-13 16:02:08','0'),('13/11/2020','FB','2020-11-13 1004','1050',0,0,'Penyesuaian penurunan harga no barang1004',1,'2020-11-13 16:02:08','0'),('13/11/2020','FB','2020-11-13 1004','5001',0,0,'Penyesuaian penurunan harga no barang1004',2,'2020-11-13 16:02:08','0'),('13/11/2020','FB','2020-11-13 1005','1050',0,0,'Penyesuaian penurunan harga no barang1005',1,'2020-11-13 16:02:08','0'),('13/11/2020','FB','2020-11-13 1005','5001',0,0,'Penyesuaian penurunan harga no barang1005',2,'2020-11-13 16:02:08','0'),('13/11/2020','FB','2020-11-13 1006','1050',0,3666,'Penyesuaian penurunan harga no barang1006',1,'2020-11-13 16:02:08','0'),('13/11/2020','FB','2020-11-13 1006','5001',3666,0,'Penyesuaian penurunan harga no barang1006',2,'2020-11-13 16:02:08','0'),('13/11/2020','FB','2020-11-13 1007','1050',0,2700,'Penyesuaian penurunan harga no barang1007',1,'2020-11-13 16:02:08','0'),('13/11/2020','FB','2020-11-13 1007','5001',2700,0,'Penyesuaian penurunan harga no barang1007',2,'2020-11-13 16:02:08','0'),('13/11/2020','FB','2020-11-13 16:02:08','1000',0,2129153,'Pembelian Tunai',2,'2020-11-13 16:02:09','0'),('13/11/2020','FB','2020-11-13 16:02:08','1050',2129153,0,'Persediaan Pembelian ',3,'2020-11-13 16:02:09','0'),('13/11/2020','FB','2020-11-13 16:02:08','5001',0,2129153,'Persediaan Pembelian ',4,'2020-11-13 16:02:09','0'),('13/11/2020','FB','2020-11-13 16:02:08','5001.01',2129153,0,'Pembelian Tunai',1,'2020-11-13 16:02:09','0'),('13/11/2020','FB','2020-11-13 16:06:18','1000',0,237500,'Pembelian Tunai',2,'2020-11-13 16:06:18','0'),('13/11/2020','FB','2020-11-13 16:06:18','1050',237500,0,'Persediaan Pembelian ',3,'2020-11-13 16:06:18','0'),('13/11/2020','FB','2020-11-13 16:06:18','5001',0,237500,'Persediaan Pembelian ',4,'2020-11-13 16:06:18','0'),('13/11/2020','FB','2020-11-13 16:06:18','5001.01',237500,0,'Pembelian Tunai',1,'2020-11-13 16:06:18','0'),('14/01/2021','FJ','2021-01-14 13:30:52','1030.02',51500,0,'Piutang Penjualan oleh A12000032',1,'2021-01-14 13:30:52','A12000032'),('14/01/2021','FJ','2021-01-14 13:30:52','1050',0,51500,'Persediaan Penjualan oleh A12000032',5,'2021-01-14 13:30:52','0'),('14/01/2021','FJ','2021-01-14 13:30:52','4001.22',0,51500,'Piutang Penjualan oleh A12000032',2,'2021-01-14 13:30:52','0'),('14/01/2021','FJ','2021-01-14 13:30:52','5001',51500,0,'Persediaan Penjualan oleh A12000032',4,'2021-01-14 13:30:52','0'),('14/12/2020','FJ','2020-12-14 13:02:18','1030.02',11450,0,'Piutang Penjualan oleh A12000003',1,'2020-12-14 13:02:18','A12000003'),('14/12/2020','FJ','2020-12-14 13:02:18','1050',0,11450,'Persediaan Penjualan oleh A12000003',5,'2020-12-14 13:02:18','0'),('14/12/2020','FJ','2020-12-14 13:02:18','4001.22',0,11450,'Piutang Penjualan oleh A12000003',2,'2020-12-14 13:02:18','0'),('14/12/2020','FJ','2020-12-14 13:02:18','5001',11450,0,'Persediaan Penjualan oleh A12000003',4,'2020-12-14 13:02:18','0'),('15/01/2021','FJ','2021-01-15 11:51:09','1000',63987,0,'Penjualan Tunai',1,'2021-01-15 11:51:09','0'),('15/01/2021','FJ','2021-01-15 11:51:09','1050',0,62987,'Persediaan Penjualan',4,'2021-01-15 11:51:09','0'),('15/01/2021','FJ','2021-01-15 11:51:09','4001.22',0,63987,'Penjualan Tunai',2,'2021-01-15 11:51:09','0'),('15/01/2021','FJ','2021-01-15 11:51:09','5001',62987,0,'Persediaan Penjualan',3,'2021-01-15 11:51:09','0'),('16/02/2021','FJ','2021-02-16 15:11:24','1030.02',390500,0,'Piutang Penjualan oleh A12000079',1,'2021-02-16 15:11:24','A12000079'),('16/02/2021','FJ','2021-02-16 15:11:24','1050',0,370801,'Persediaan Penjualan oleh A12000079',5,'2021-02-16 15:11:25','0'),('16/02/2021','FJ','2021-02-16 15:11:24','4001.22',0,390500,'Piutang Penjualan oleh A12000079',2,'2021-02-16 15:11:25','0'),('16/02/2021','FJ','2021-02-16 15:11:24','5001',370801,0,'Persediaan Penjualan oleh A12000079',4,'2021-02-16 15:11:25','0'),('16/02/2021','FJ','2021-02-16 15:32:34','1030.02',13000,0,'Piutang Penjualan oleh A12000053',1,'2021-02-16 15:32:34','A12000053'),('16/02/2021','FJ','2021-02-16 15:32:34','1050',0,11000,'Persediaan Penjualan oleh A12000053',5,'2021-02-16 15:32:34','0'),('16/02/2021','FJ','2021-02-16 15:32:34','4001.22',0,13000,'Piutang Penjualan oleh A12000053',2,'2021-02-16 15:32:34','0'),('16/02/2021','FJ','2021-02-16 15:32:34','5001',11000,0,'Persediaan Penjualan oleh A12000053',4,'2021-02-16 15:32:34','0'),('16/02/2021','FJ','2021-02-16 15:35:30','1030.02',25000,0,'Piutang Penjualan oleh A12000032',1,'2021-02-16 15:35:30','A12000032'),('16/02/2021','FJ','2021-02-16 15:35:30','1050',0,25000,'Persediaan Penjualan oleh A12000032',5,'2021-02-16 15:35:30','0'),('16/02/2021','FJ','2021-02-16 15:35:30','4001.22',0,25000,'Piutang Penjualan oleh A12000032',2,'2021-02-16 15:35:30','0'),('16/02/2021','FJ','2021-02-16 15:35:30','5001',25000,0,'Persediaan Penjualan oleh A12000032',4,'2021-02-16 15:35:30','0'),('16/02/2021','FJ','2021-02-16 15:48:45','1030.02',113000,0,'Piutang Penjualan oleh A12000001',1,'2021-02-16 15:48:45','A12000001'),('16/02/2021','FJ','2021-02-16 15:48:45','1050',0,113000,'Persediaan Penjualan oleh A12000001',5,'2021-02-16 15:48:45','0'),('16/02/2021','FJ','2021-02-16 15:48:45','4001.22',0,113000,'Piutang Penjualan oleh A12000001',2,'2021-02-16 15:48:45','0'),('16/02/2021','FJ','2021-02-16 15:48:45','5001',113000,0,'Persediaan Penjualan oleh A12000001',4,'2021-02-16 15:48:45','0'),('16/02/2021','FK','2021-02-16 15:31:28','1050',11000,0,'Persediaan Konsinasi oleh 9',1,'2021-02-16 15:31:28','0'),('16/02/2021','FK','2021-02-16 15:31:28','5001',0,11000,'Persediaan Konsinasi oleh 9',2,'2021-02-16 15:31:28','0'),('16/02/2021','KM','20210216-A12000001 L','1000',9000,0,'Pelunasan Piutang Penjualan oleh A12000001',2,'2021-02-16 15:47:40','A12000001'),('16/02/2021','KM','20210216-A12000001 L','1000',113000,0,'Pelunasan Piutang Penjualan oleh A12000001',2,'2021-02-16 15:24:10','A12000001'),('16/02/2021','KM','20210216-A12000001 L','1030.02',0,9000,'Pelunasan Piutang Penjualan oleh A12000001',1,'2021-02-16 15:47:40','A12000001'),('16/02/2021','KM','20210216-A12000001 L','1030.02',0,113000,'Pelunasan Piutang Penjualan oleh A12000001',1,'2021-02-16 15:24:10','A12000001'),('16/02/2021','KM','20210216-A12000003 L','1000',11450,0,'Pelunasan Piutang Penjualan oleh A12000003',2,'2021-02-16 15:42:31','A12000003'),('16/02/2021','KM','20210216-A12000003 L','1000',12000,0,'Pelunasan Piutang Penjualan oleh A12000003',2,'2021-02-16 15:42:41','A12000003'),('16/02/2021','KM','20210216-A12000003 L','1000',107000,0,'Pelunasan Piutang Penjualan oleh A12000003',2,'2021-02-16 15:26:39','A12000003'),('16/02/2021','KM','20210216-A12000003 L','1030.02',0,11450,'Pelunasan Piutang Penjualan oleh A12000003',1,'2021-02-16 15:42:31','A12000003'),('16/02/2021','KM','20210216-A12000003 L','1030.02',0,12000,'Pelunasan Piutang Penjualan oleh A12000003',1,'2021-02-16 15:42:41','A12000003'),('16/02/2021','KM','20210216-A12000003 L','1030.02',0,107000,'Pelunasan Piutang Penjualan oleh A12000003',1,'2021-02-16 15:26:39','A12000003'),('16/02/2021','KM','20210216-A12000004 L','1000',206100,0,'Pelunasan Piutang Penjualan oleh A12000004',2,'2021-02-16 15:27:36','A12000004'),('16/02/2021','KM','20210216-A12000004 L','1030.02',0,206100,'Pelunasan Piutang Penjualan oleh A12000004',1,'2021-02-16 15:27:36','A12000004'),('16/02/2021','KM','20210216-A12000009 L','1000',73000,0,'Pelunasan Piutang Penjualan oleh A12000009',2,'2021-02-16 15:36:43','A12000009'),('16/02/2021','KM','20210216-A12000009 L','1030.02',0,73000,'Pelunasan Piutang Penjualan oleh A12000009',1,'2021-02-16 15:36:43','A12000009'),('16/02/2021','KM','20210216-A12000032 L','1000',6000,0,'Pelunasan Piutang Penjualan oleh A12000032',2,'2021-02-16 15:45:32','A12000032'),('16/02/2021','KM','20210216-A12000032 L','1000',11500,0,'Pelunasan Piutang Penjualan oleh A12000032',2,'2021-02-16 15:45:22','A12000032'),('16/02/2021','KM','20210216-A12000032 L','1000',25000,0,'Pelunasan Piutang Penjualan oleh A12000032',2,'2021-02-16 15:36:00','A12000032'),('16/02/2021','KM','20210216-A12000032 L','1000',51500,0,'Pelunasan Piutang Penjualan oleh A12000032',2,'2021-02-16 15:46:03','A12000032'),('16/02/2021','KM','20210216-A12000032 L','1000',78167,0,'Pelunasan Piutang Penjualan oleh A12000032',2,'2021-02-16 15:45:44','A12000032'),('16/02/2021','KM','20210216-A12000032 L','1000',151082,0,'Pelunasan Piutang Penjualan oleh A12000032',2,'2021-02-16 15:45:54','A12000032'),('16/02/2021','KM','20210216-A12000032 L','1030.02',0,6000,'Pelunasan Piutang Penjualan oleh A12000032',1,'2021-02-16 15:45:32','A12000032'),('16/02/2021','KM','20210216-A12000032 L','1030.02',0,11500,'Pelunasan Piutang Penjualan oleh A12000032',1,'2021-02-16 15:45:22','A12000032'),('16/02/2021','KM','20210216-A12000032 L','1030.02',0,25000,'Pelunasan Piutang Penjualan oleh A12000032',1,'2021-02-16 15:36:00','A12000032'),('16/02/2021','KM','20210216-A12000032 L','1030.02',0,51500,'Pelunasan Piutang Penjualan oleh A12000032',1,'2021-02-16 15:46:03','A12000032'),('16/02/2021','KM','20210216-A12000032 L','1030.02',0,78167,'Pelunasan Piutang Penjualan oleh A12000032',1,'2021-02-16 15:45:44','A12000032'),('16/02/2021','KM','20210216-A12000032 L','1030.02',0,151082,'Pelunasan Piutang Penjualan oleh A12000032',1,'2021-02-16 15:45:54','A12000032'),('16/02/2021','KM','20210216-A12000053 L','1000',13000,0,'Pelunasan Piutang Penjualan oleh A12000053',2,'2021-02-16 15:33:26','A12000053'),('16/02/2021','KM','20210216-A12000053 L','1000',46500,0,'Pelunasan Piutang Penjualan oleh A12000053',2,'2021-02-16 15:43:09','A12000053'),('16/02/2021','KM','20210216-A12000053 L','1000',125000,0,'Pelunasan Piutang Penjualan oleh A12000053',2,'2021-02-16 15:43:02','A12000053'),('16/02/2021','KM','20210216-A12000053 L','1000',137500,0,'Pelunasan Piutang Penjualan oleh A12000053',2,'2021-02-16 15:33:18','A12000053'),('16/02/2021','KM','20210216-A12000053 L','1030.02',0,13000,'Pelunasan Piutang Penjualan oleh A12000053',1,'2021-02-16 15:33:26','A12000053'),('16/02/2021','KM','20210216-A12000053 L','1030.02',0,46500,'Pelunasan Piutang Penjualan oleh A12000053',1,'2021-02-16 15:43:09','A12000053'),('16/02/2021','KM','20210216-A12000053 L','1030.02',0,125000,'Pelunasan Piutang Penjualan oleh A12000053',1,'2021-02-16 15:43:02','A12000053'),('16/02/2021','KM','20210216-A12000053 L','1030.02',0,137500,'Pelunasan Piutang Penjualan oleh A12000053',1,'2021-02-16 15:33:18','A12000053'),('16/02/2021','KM','20210216-A12000061 L','1000',18150,0,'Pelunasan Piutang Penjualan oleh A12000061',2,'2021-02-16 15:46:23','A12000061'),('16/02/2021','KM','20210216-A12000061 L','1030.02',0,18150,'Pelunasan Piutang Penjualan oleh A12000061',1,'2021-02-16 15:46:23','A12000061'),('16/02/2021','KM','20210216-A12000071 L','1000',56000,0,'Pelunasan Piutang Penjualan oleh A12000071',2,'2021-02-16 15:43:50','A12000071'),('16/02/2021','KM','20210216-A12000071 L','1030.02',0,56000,'Pelunasan Piutang Penjualan oleh A12000071',1,'2021-02-16 15:43:50','A12000071'),('16/02/2021','KM','20210216-A12000074 L','1000',206000,0,'Pelunasan Piutang Penjualan oleh A12000074',2,'2021-02-16 15:43:24','A12000074'),('16/02/2021','KM','20210216-A12000074 L','1000',217500,0,'Pelunasan Piutang Penjualan oleh A12000074',2,'2021-02-16 15:34:10','A12000074'),('16/02/2021','KM','20210216-A12000074 L','1030.02',0,206000,'Pelunasan Piutang Penjualan oleh A12000074',1,'2021-02-16 15:43:24','A12000074'),('16/02/2021','KM','20210216-A12000074 L','1030.02',0,217500,'Pelunasan Piutang Penjualan oleh A12000074',1,'2021-02-16 15:34:10','A12000074'),('16/02/2021','KM','20210216-A12000079 L','1000',114000,0,'Pelunasan Piutang Penjualan oleh A12000079',2,'2021-02-16 15:42:11','A12000079'),('16/02/2021','KM','20210216-A12000079 L','1000',389000,0,'Pelunasan Piutang Penjualan oleh A12000079',2,'2021-02-16 15:25:02','A12000079'),('16/02/2021','KM','20210216-A12000079 L','1030.02',0,114000,'Pelunasan Piutang Penjualan oleh A12000079',1,'2021-02-16 15:42:11','A12000079'),('16/02/2021','KM','20210216-A12000079 L','1030.02',0,389000,'Pelunasan Piutang Penjualan oleh A12000079',1,'2021-02-16 15:25:02','A12000079'),('16/12/2020','FJ','2020-12-16 11:23:01','1030.02',12000,0,'Piutang Penjualan oleh A12000003',1,'2020-12-16 11:23:01','A12000003'),('16/12/2020','FJ','2020-12-16 11:23:01','1050',0,12000,'Persediaan Penjualan oleh A12000003',5,'2020-12-16 11:23:01','0'),('16/12/2020','FJ','2020-12-16 11:23:01','4001.22',0,12000,'Piutang Penjualan oleh A12000003',2,'2020-12-16 11:23:01','0'),('16/12/2020','FJ','2020-12-16 11:23:01','5001',12000,0,'Persediaan Penjualan oleh A12000003',4,'2020-12-16 11:23:01','0'),('16/12/2020','FJ','2020-12-16 11:25:44','1000',15000,0,'Penjualan Tunai',1,'2020-12-16 11:25:44','0'),('16/12/2020','FJ','2020-12-16 11:25:44','1050',0,12000,'Persediaan Penjualan',4,'2020-12-16 11:25:44','0'),('16/12/2020','FJ','2020-12-16 11:25:44','4001.22',0,15000,'Penjualan Tunai',2,'2020-12-16 11:25:44','0'),('16/12/2020','FJ','2020-12-16 11:25:44','5001',12000,0,'Persediaan Penjualan',3,'2020-12-16 11:25:44','0'),('16/12/2020','FJ','2020-12-16 12:11:04','1000',75000,0,'Penjualan Tunai',1,'2020-12-16 12:11:04','0'),('16/12/2020','FJ','2020-12-16 12:11:04','1050',0,70159,'Persediaan Penjualan',4,'2020-12-16 12:11:04','0'),('16/12/2020','FJ','2020-12-16 12:11:04','4001.22',0,75000,'Penjualan Tunai',2,'2020-12-16 12:11:04','0'),('16/12/2020','FJ','2020-12-16 12:11:04','5001',70159,0,'Persediaan Penjualan',3,'2020-12-16 12:11:04','0'),('17/02/2021','KM','20210217-A12000001 L','1000',113000,0,'Pelunasan Piutang Penjualan oleh A12000001',2,'2021-02-16 15:49:14','A12000001'),('17/02/2021','KM','20210217-A12000001 L','1030.02',0,113000,'Pelunasan Piutang Penjualan oleh A12000001',1,'2021-02-16 15:49:14','A12000001'),('17/11/2020','FK','2020-11-17 14:23:32','1050',652500,0,'Persediaan Konsinasi oleh 8',1,'2020-11-17 14:23:32','0'),('17/11/2020','FK','2020-11-17 14:23:32','5001',0,652500,'Persediaan Konsinasi oleh 8',2,'2020-11-17 14:23:32','0'),('17/12/2020','FJ','2020-12-17 15:25:50','1030.02',78167,0,'Piutang Penjualan oleh A12000032',1,'2020-12-17 15:25:50','A12000032'),('17/12/2020','FJ','2020-12-17 15:25:50','1050',0,78167,'Persediaan Penjualan oleh A12000032',5,'2020-12-17 15:25:50','0'),('17/12/2020','FJ','2020-12-17 15:25:50','4001.22',0,78167,'Piutang Penjualan oleh A12000032',2,'2020-12-17 15:25:50','0'),('17/12/2020','FJ','2020-12-17 15:25:50','5001',78167,0,'Persediaan Penjualan oleh A12000032',4,'2020-12-17 15:25:50','0'),('17/12/2020','FJ','2020-12-17 15:29:28','1000',90000,0,'Penjualan Tunai',1,'2020-12-17 15:29:28','0'),('17/12/2020','FJ','2020-12-17 15:29:28','1050',0,84293,'Persediaan Penjualan',4,'2020-12-17 15:29:28','0'),('17/12/2020','FJ','2020-12-17 15:29:28','4001.22',0,90000,'Penjualan Tunai',2,'2020-12-17 15:29:28','0'),('17/12/2020','FJ','2020-12-17 15:29:28','5001',84293,0,'Persediaan Penjualan',3,'2020-12-17 15:29:28','0'),('17/12/2020','FJ','2020-12-17 15:31:47','1000',57000,0,'Penjualan Tunai',1,'2020-12-17 15:31:48','0'),('17/12/2020','FJ','2020-12-17 15:31:47','1050',0,47500,'Persediaan Penjualan',4,'2020-12-17 15:31:48','0'),('17/12/2020','FJ','2020-12-17 15:31:47','4001.22',0,57000,'Penjualan Tunai',2,'2020-12-17 15:31:48','0'),('17/12/2020','FJ','2020-12-17 15:31:47','5001',47500,0,'Persediaan Penjualan',3,'2020-12-17 15:31:48','0'),('17/12/2020','KM','2012003','1000',10000000,0,'UTANG KE LENDER WS',1,'2020-12-17 15:39:34','0'),('17/12/2020','KM','2012003','2001.02.003',0,10000000,'UTANG KE LENDER WS',2,'2020-12-17 15:39:34','0'),('17/12/2020','PA','2012078','1000',0,9900000,'PENCAIRAN PIUTANG MUJIONO',1,'2020-12-17 15:34:35','0'),('17/12/2020','PA','2012078','1030.03.078',10000000,0,'PENCAIRAN PIUTANG MUJIONO',2,'2020-12-17 15:34:35','0'),('17/12/2020','PA','2012078','4001.02',0,100000,'PENCAIRAN PIUTANG MUJIONO',3,'2020-12-17 15:34:35','0'),('17/12/2020','PA','2012079','1000',0,2967500,'PENCAIRAN PIUTANG SUEB',1,'2020-12-17 15:36:41','0'),('17/12/2020','PA','2012079','1030.03.079',3000000,0,'PENCAIRAN PIUTANG SUEB',2,'2020-12-17 15:36:41','0'),('17/12/2020','PA','2012079','4001.02',0,32500,'PENCAIRAN PIUTANG SUEB',3,'2020-12-17 15:36:41','0'),('18/03/2021','FB','2021-03-18 1005','1050',0,0,'Penyesuaian penurunan harga no barang1005',1,'2021-03-18 15:16:23','0'),('18/03/2021','FB','2021-03-18 1005','5001',0,0,'Penyesuaian penurunan harga no barang1005',2,'2021-03-18 15:16:23','0'),('18/03/2021','FB','2021-03-18 1006','1050',0,0,'Penyesuaian penurunan harga no barang1006',1,'2021-03-18 15:16:23','0'),('18/03/2021','FB','2021-03-18 1006','5001',0,0,'Penyesuaian penurunan harga no barang1006',2,'2021-03-18 15:16:23','0'),('18/03/2021','FB','2021-03-18 1007','1050',0,5500,'Penyesuaian penurunan harga no barang1007',1,'2021-03-18 15:16:24','0'),('18/03/2021','FB','2021-03-18 1007','5001',5500,0,'Penyesuaian penurunan harga no barang1007',2,'2021-03-18 15:16:24','0'),('18/03/2021','FB','2021-03-18 1052','1050',99,0,'Penyesuaian kenaikan harga no barang1052',1,'2021-03-18 15:16:23','0'),('18/03/2021','FB','2021-03-18 1052','5001',0,99,'Penyesuaian kenaikan harga no barang1052',2,'2021-03-18 15:16:23','0'),('18/03/2021','FB','2021-03-18 1054','1050',0,0,'Penyesuaian penurunan harga no barang1054',1,'2021-03-18 15:16:24','0'),('18/03/2021','FB','2021-03-18 1054','5001',0,0,'Penyesuaian penurunan harga no barang1054',2,'2021-03-18 15:16:24','0'),('18/03/2021','FB','2021-03-18 15:16:23','1050',1733250,0,'Persediaan Pembelian pada 6',4,'2021-03-18 15:16:24','0'),('18/03/2021','FB','2021-03-18 15:16:23','2002.01',0,1733250,'Hutang Pembelian pada 6 Indogrosir',2,'2021-03-18 15:16:24','0'),('18/03/2021','FB','2021-03-18 15:16:23','5001',0,1733250,'Persediaan Pembelian pada 6',5,'2021-03-18 15:16:24','0'),('18/03/2021','FB','2021-03-18 15:16:23','5001.01',1733250,0,'Hutang Pembelian pada 6 Indogrosir',1,'2021-03-18 15:16:24','0'),('18/03/2021','FJ','2021-03-18 15:32:24','1030.02',161900,0,'Piutang Penjualan oleh A12000061',1,'2021-03-18 15:32:25','A12000061'),('18/03/2021','FJ','2021-03-18 15:32:24','1050',0,161900,'Persediaan Penjualan oleh A12000061',5,'2021-03-18 15:32:25','0'),('18/03/2021','FJ','2021-03-18 15:32:24','4001.22',0,161900,'Piutang Penjualan oleh A12000061',2,'2021-03-18 15:32:25','0'),('18/03/2021','FJ','2021-03-18 15:32:24','5001',161900,0,'Persediaan Penjualan oleh A12000061',4,'2021-03-18 15:32:25','0'),('18/03/2021','FJ','2021-03-18 15:37:16','1000',12000,0,'Penjualan Tunai',1,'2021-03-18 15:37:16','0'),('18/03/2021','FJ','2021-03-18 15:37:16','1050',0,12000,'Persediaan Penjualan',4,'2021-03-18 15:37:16','0'),('18/03/2021','FJ','2021-03-18 15:37:16','4001.22',0,12000,'Penjualan Tunai',2,'2021-03-18 15:37:16','0'),('18/03/2021','FJ','2021-03-18 15:37:16','5001',12000,0,'Persediaan Penjualan',3,'2021-03-18 15:37:16','0'),('18/03/2021','FJ','2021-03-18 15:46:26','1030.02',73700,0,'Piutang Penjualan oleh A12000003',1,'2021-03-18 15:46:27','A12000003'),('18/03/2021','FJ','2021-03-18 15:46:26','1050',0,73700,'Persediaan Penjualan oleh A12000003',5,'2021-03-18 15:46:27','0'),('18/03/2021','FJ','2021-03-18 15:46:26','4001.22',0,73700,'Piutang Penjualan oleh A12000003',2,'2021-03-18 15:46:27','0'),('18/03/2021','FJ','2021-03-18 15:46:26','5001',73700,0,'Persediaan Penjualan oleh A12000003',4,'2021-03-18 15:46:27','0'),('18/03/2021','FJ','2021-03-18 17:04:32','1000',247000,0,'Penjualan Tunai',1,'2021-03-18 17:04:32','0'),('18/03/2021','FJ','2021-03-18 17:04:32','1050',0,233183,'Persediaan Penjualan',4,'2021-03-18 17:04:32','0'),('18/03/2021','FJ','2021-03-18 17:04:32','4001.22',0,247000,'Penjualan Tunai',2,'2021-03-18 17:04:32','0'),('18/03/2021','FJ','2021-03-18 17:04:32','5001',233183,0,'Persediaan Penjualan',3,'2021-03-18 17:04:32','0'),('18/11/2020','FJ','2020-11-18 12:05:13','1000',134000,0,'Penjualan Tunai',1,'2020-11-18 12:05:13','0'),('18/11/2020','FJ','2020-11-18 12:05:13','1050',0,121200,'Persediaan Penjualan',4,'2020-11-18 12:05:13','0'),('18/11/2020','FJ','2020-11-18 12:05:13','4001.22',0,134000,'Penjualan Tunai',2,'2020-11-18 12:05:13','0'),('18/11/2020','FJ','2020-11-18 12:05:13','5001',121200,0,'Persediaan Penjualan',3,'2020-11-18 12:05:13','0'),('18/11/2020','PA','2011061','1000',0,5965000,'PENCAIRAN PINJAMAN SUBIANTO',1,'2020-12-10 16:25:44','0'),('18/11/2020','PA','2011061','1030.03.061',6000000,0,'PENCAIRAN PINJAMAN SUBIANTO',2,'2020-12-10 16:25:44','0'),('18/11/2020','PA','2011061','4001.02',0,35000,'PENCAIRAN PINJAMAN SUBIANTO',3,'2020-12-10 16:25:44','0'),('18/12/2020','FJ','2020-12-18 11:39:36','1000',135000,0,'Penjualan Tunai',1,'2020-12-18 11:39:36','0'),('18/12/2020','FJ','2020-12-18 11:39:36','1050',0,125000,'Persediaan Penjualan',4,'2020-12-18 11:39:36','0'),('18/12/2020','FJ','2020-12-18 11:39:36','4001.22',0,135000,'Penjualan Tunai',2,'2020-12-18 11:39:36','0'),('18/12/2020','FJ','2020-12-18 11:39:36','5001',125000,0,'Persediaan Penjualan',3,'2020-12-18 11:39:36','0'),('18/12/2020','FJ','2020-12-18 13:53:01','1000',103000,0,'Penjualan Tunai',1,'2020-12-18 13:53:01','0'),('18/12/2020','FJ','2020-12-18 13:53:01','1050',0,103000,'Persediaan Penjualan',4,'2020-12-18 13:53:01','0'),('18/12/2020','FJ','2020-12-18 13:53:01','4001.22',0,103000,'Penjualan Tunai',2,'2020-12-18 13:53:01','0'),('18/12/2020','FJ','2020-12-18 13:53:01','5001',103000,0,'Persediaan Penjualan',3,'2020-12-18 13:53:01','0'),('19/01/2021','FB','2021-01-19 09:33:02','1050',2075002,0,'Persediaan Pembelian pada 6',4,'2021-01-19 09:33:03','0'),('19/01/2021','FB','2021-01-19 09:33:02','2002.01',0,2075002,'Hutang Pembelian pada 6 Indogrosir',2,'2021-01-19 09:33:03','0'),('19/01/2021','FB','2021-01-19 09:33:02','5001',0,2075002,'Persediaan Pembelian pada 6',5,'2021-01-19 09:33:03','0'),('19/01/2021','FB','2021-01-19 09:33:02','5001.01',2075002,0,'Hutang Pembelian pada 6 Indogrosir',1,'2021-01-19 09:33:03','0'),('19/01/2021','FB','2021-01-19 1006','1050',0,0,'Penyesuaian kenaikan harga no barang1006',1,'2021-01-19 09:33:03','0'),('19/01/2021','FB','2021-01-19 1006','5001',0,0,'Penyesuaian kenaikan harga no barang1006',2,'2021-01-19 09:33:03','0'),('19/01/2021','FB','2021-01-19 1007','1050',0,0,'Penyesuaian kenaikan harga no barang1007',1,'2021-01-19 09:33:03','0'),('19/01/2021','FB','2021-01-19 1007','5001',0,0,'Penyesuaian kenaikan harga no barang1007',2,'2021-01-19 09:33:03','0'),('19/01/2021','FJ','2021-01-19 10:07:48','1000',202500,0,'Penjualan Tunai',1,'2021-01-19 10:07:48','0'),('19/01/2021','FJ','2021-01-19 10:07:48','1050',0,194850,'Persediaan Penjualan',4,'2021-01-19 10:07:48','0'),('19/01/2021','FJ','2021-01-19 10:07:48','4001.22',0,202500,'Penjualan Tunai',2,'2021-01-19 10:07:48','0'),('19/01/2021','FJ','2021-01-19 10:07:48','5001',194850,0,'Persediaan Penjualan',3,'2021-01-19 10:07:48','0'),('19/01/2021','FJ','2021-01-19 10:08:48','1030.02',73000,0,'Piutang Penjualan oleh A12000009',1,'2021-01-19 10:08:48','A12000009'),('19/01/2021','FJ','2021-01-19 10:08:48','1050',0,69000,'Persediaan Penjualan oleh A12000009',5,'2021-01-19 10:08:48','0'),('19/01/2021','FJ','2021-01-19 10:08:48','4001.22',0,73000,'Piutang Penjualan oleh A12000009',2,'2021-01-19 10:08:48','0'),('19/01/2021','FJ','2021-01-19 10:08:48','5001',69000,0,'Persediaan Penjualan oleh A12000009',4,'2021-01-19 10:08:48','0'),('19/01/2021','FJ','2021-01-19 10:12:14','1030.02',389000,0,'Piutang Penjualan oleh A12000079',1,'2021-01-19 10:12:14','A12000079'),('19/01/2021','FJ','2021-01-19 10:12:14','1050',0,369884,'Persediaan Penjualan oleh A12000079',5,'2021-01-19 10:12:14','0'),('19/01/2021','FJ','2021-01-19 10:12:14','4001.22',0,389000,'Piutang Penjualan oleh A12000079',2,'2021-01-19 10:12:14','0'),('19/01/2021','FJ','2021-01-19 10:12:14','5001',369884,0,'Persediaan Penjualan oleh A12000079',4,'2021-01-19 10:12:14','0'),('19/01/2021','FJ','2021-01-19 10:12:48','1000',104000,0,'Penjualan Tunai',1,'2021-01-19 10:12:48','0'),('19/01/2021','FJ','2021-01-19 10:12:48','1050',0,104000,'Persediaan Penjualan',4,'2021-01-19 10:12:48','0'),('19/01/2021','FJ','2021-01-19 10:12:48','4001.22',0,104000,'Penjualan Tunai',2,'2021-01-19 10:12:48','0'),('19/01/2021','FJ','2021-01-19 10:12:48','5001',104000,0,'Persediaan Penjualan',3,'2021-01-19 10:12:48','0'),('19/01/2021','FJ','2021-01-19 10:14:21','1030.02',206100,0,'Piutang Penjualan oleh A12000004',1,'2021-01-19 10:14:21','A12000004'),('19/01/2021','FJ','2021-01-19 10:14:21','1050',0,206100,'Persediaan Penjualan oleh A12000004',5,'2021-01-19 10:14:21','0'),('19/01/2021','FJ','2021-01-19 10:14:21','4001.22',0,206100,'Piutang Penjualan oleh A12000004',2,'2021-01-19 10:14:21','0'),('19/01/2021','FJ','2021-01-19 10:14:21','5001',206100,0,'Persediaan Penjualan oleh A12000004',4,'2021-01-19 10:14:21','0'),('19/01/2021','FJ','2021-01-19 10:59:53','1000',60000,0,'Penjualan Tunai',1,'2021-01-19 10:59:53','0'),('19/01/2021','FJ','2021-01-19 10:59:53','1050',0,56500,'Persediaan Penjualan',4,'2021-01-19 10:59:53','0'),('19/01/2021','FJ','2021-01-19 10:59:53','4001.22',0,60000,'Penjualan Tunai',2,'2021-01-19 10:59:53','0'),('19/01/2021','FJ','2021-01-19 10:59:53','5001',56500,0,'Persediaan Penjualan',3,'2021-01-19 10:59:53','0'),('19/01/2021','PA','0210101','1000',0,720000,'NON ANGGOTA IELTS PREP P MADAN',1,'2021-01-20 14:03:10','0'),('19/01/2021','PA','0210101','1030.05.001',720000,0,'NON ANGGOTA IELTS PREP P MADAN',2,'2021-01-20 14:03:10','0'),('19/01/2021','PA','0210104','1000',0,720000,'BU PUTU IELTS PREP',1,'2021-01-20 14:02:24','0'),('19/01/2021','PA','0210104','1030.05.004',720000,0,'BU PUTU IELTS PREP',2,'2021-01-20 14:02:24','0'),('19/01/2021','PA','2101033','1000',0,720000,'BPUU IELTS PREP MARCEL',1,'2021-01-20 14:04:10','0'),('19/01/2021','PA','2101033','1030.05.033',720000,0,'BPUU IELTS PREP MARCEL',2,'2021-01-20 14:04:10','0'),('19/01/2021','PA','2101035','1000',0,720000,'PEMBAYARAN IELTS PREP',1,'2021-01-20 14:01:25','0'),('19/01/2021','PA','2101035','1030.05.035',720000,0,'PEMBAYARAN IELTS PREP',2,'2021-01-20 14:01:25','0'),('19/01/2021','PA','2101038','1000',0,720000,'BPUU IELTS PREP',1,'2021-01-20 14:06:14','0'),('19/01/2021','PA','2101038','1030.05.038',720000,0,'BPUU IELTS PREP',2,'2021-01-20 14:06:14','0'),('19/02/2021','FJ','2021-02-19 11:33:31','1030.02',30000,0,'Piutang Penjualan oleh A12000013',1,'2021-02-19 11:33:31','A12000013'),('19/02/2021','FJ','2021-02-19 11:33:31','1050',0,24000,'Persediaan Penjualan oleh A12000013',5,'2021-02-19 11:33:31','0'),('19/02/2021','FJ','2021-02-19 11:33:31','4001.22',0,30000,'Piutang Penjualan oleh A12000013',2,'2021-02-19 11:33:31','0'),('19/02/2021','FJ','2021-02-19 11:33:31','5001',24000,0,'Persediaan Penjualan oleh A12000013',4,'2021-02-19 11:33:31','0'),('19/02/2021','FJ','2021-02-19 14:08:59','1030.02',52000,0,'Piutang Penjualan oleh A12000032',1,'2021-02-19 14:08:59','A12000032'),('19/02/2021','FJ','2021-02-19 14:08:59','1050',0,52000,'Persediaan Penjualan oleh A12000032',5,'2021-02-19 14:08:59','0'),('19/02/2021','FJ','2021-02-19 14:08:59','4001.22',0,52000,'Piutang Penjualan oleh A12000032',2,'2021-02-19 14:08:59','0'),('19/02/2021','FJ','2021-02-19 14:08:59','5001',52000,0,'Persediaan Penjualan oleh A12000032',4,'2021-02-19 14:08:59','0'),('19/03/2021','FJ','2021-03-19 11:04:02','1030.02',102800,0,'Piutang Penjualan oleh A12000005',1,'2021-03-19 11:04:02','A12000005'),('19/03/2021','FJ','2021-03-19 11:04:02','1050',0,102800,'Persediaan Penjualan oleh A12000005',5,'2021-03-19 11:04:02','0'),('19/03/2021','FJ','2021-03-19 11:04:02','4001.22',0,102800,'Piutang Penjualan oleh A12000005',2,'2021-03-19 11:04:02','0'),('19/03/2021','FJ','2021-03-19 11:04:02','5001',102800,0,'Persediaan Penjualan oleh A12000005',4,'2021-03-19 11:04:02','0'),('19/11/2020','FJ','2020-11-19 11:11:12','1030.02',12000,0,'Piutang Penjualan oleh A12000023',1,'2020-11-19 11:11:12','A12000023'),('19/11/2020','FJ','2020-11-19 11:11:12','1050',0,10000,'Persediaan Penjualan oleh A12000023',5,'2020-11-19 11:11:12','0'),('19/11/2020','FJ','2020-11-19 11:11:12','4001.22',0,12000,'Piutang Penjualan oleh A12000023',2,'2020-11-19 11:11:12','0'),('19/11/2020','FJ','2020-11-19 11:11:12','5001',10000,0,'Persediaan Penjualan oleh A12000023',4,'2020-11-19 11:11:12','0'),('19/11/2020','FJ','2020-11-19 11:15:28','1000',43500,0,'Penjualan Tunai',1,'2020-11-19 11:15:28','0'),('19/11/2020','FJ','2020-11-19 11:15:28','1050',0,35000,'Persediaan Penjualan',4,'2020-11-19 11:15:28','0'),('19/11/2020','FJ','2020-11-19 11:15:28','4001.22',0,43500,'Penjualan Tunai',2,'2020-11-19 11:15:28','0'),('19/11/2020','FJ','2020-11-19 11:15:28','5001',35000,0,'Persediaan Penjualan',3,'2020-11-19 11:15:28','0'),('19/11/2020','FJ','2020-11-19 11:42:46','1030.02',109793,0,'Piutang Penjualan oleh A12000004',1,'2020-11-19 11:42:46','A12000004'),('19/11/2020','FJ','2020-11-19 11:42:46','1050',0,109793,'Persediaan Penjualan oleh A12000004',5,'2020-11-19 11:42:46','0'),('19/11/2020','FJ','2020-11-19 11:42:46','4001.22',0,109793,'Piutang Penjualan oleh A12000004',2,'2020-11-19 11:42:46','0'),('19/11/2020','FJ','2020-11-19 11:42:46','5001',109793,0,'Persediaan Penjualan oleh A12000004',4,'2020-11-19 11:42:46','0'),('19/11/2020','FJ','2020-11-19 11:50:58','1030.02',190622,0,'Piutang Penjualan oleh A12000001',1,'2020-11-19 11:50:58','A12000001'),('19/11/2020','FJ','2020-11-19 11:50:58','1050',0,190622,'Persediaan Penjualan oleh A12000001',5,'2020-11-19 11:50:58','0'),('19/11/2020','FJ','2020-11-19 11:50:58','4001.22',0,190622,'Piutang Penjualan oleh A12000001',2,'2020-11-19 11:50:58','0'),('19/11/2020','FJ','2020-11-19 11:50:58','5001',190622,0,'Persediaan Penjualan oleh A12000001',4,'2020-11-19 11:50:58','0'),('19/11/2020','FJ','2020-11-19 12:08:16','1030.02',76500,0,'Piutang Penjualan oleh A12000010',1,'2020-11-19 12:08:17','A12000010'),('19/11/2020','FJ','2020-11-19 12:08:16','1050',0,68476,'Persediaan Penjualan oleh A12000010',5,'2020-11-19 12:08:17','0'),('19/11/2020','FJ','2020-11-19 12:08:16','4001.22',0,76500,'Piutang Penjualan oleh A12000010',2,'2020-11-19 12:08:17','0'),('19/11/2020','FJ','2020-11-19 12:08:16','5001',68476,0,'Persediaan Penjualan oleh A12000010',4,'2020-11-19 12:08:17','0'),('19/11/2020','FJ','2020-11-19 12:10:45','1000',36000,0,'Penjualan Tunai',1,'2020-11-19 12:10:45','0'),('19/11/2020','FJ','2020-11-19 12:10:45','1050',0,34500,'Persediaan Penjualan',4,'2020-11-19 12:10:45','0'),('19/11/2020','FJ','2020-11-19 12:10:45','4001.22',0,36000,'Penjualan Tunai',2,'2020-11-19 12:10:45','0'),('19/11/2020','FJ','2020-11-19 12:10:45','5001',34500,0,'Persediaan Penjualan',3,'2020-11-19 12:10:45','0'),('19/11/2020','FJ','2020-11-19 12:11:57','1000',34500,0,'Penjualan Tunai',1,'2020-11-19 12:11:57','0'),('19/11/2020','FJ','2020-11-19 12:11:57','1050',0,34500,'Persediaan Penjualan',4,'2020-11-19 12:11:57','0'),('19/11/2020','FJ','2020-11-19 12:11:57','4001.22',0,34500,'Penjualan Tunai',2,'2020-11-19 12:11:57','0'),('19/11/2020','FJ','2020-11-19 12:11:57','5001',34500,0,'Persediaan Penjualan',3,'2020-11-19 12:11:57','0'),('19/11/2020','FJ','2020-11-19 12:13:36','1000',36000,0,'Penjualan Tunai',1,'2020-11-19 12:13:36','0'),('19/11/2020','FJ','2020-11-19 12:13:36','1050',0,34500,'Persediaan Penjualan',4,'2020-11-19 12:13:36','0'),('19/11/2020','FJ','2020-11-19 12:13:36','4001.22',0,36000,'Penjualan Tunai',2,'2020-11-19 12:13:36','0'),('19/11/2020','FJ','2020-11-19 12:13:36','5001',34500,0,'Persediaan Penjualan',3,'2020-11-19 12:13:36','0'),('19/11/2020','FJ','2020-11-19 12:16:03','1030.02',31000,0,'Piutang Penjualan oleh A12000001',1,'2020-11-19 12:16:03','A12000001'),('19/11/2020','FJ','2020-11-19 12:16:03','1050',0,31000,'Persediaan Penjualan oleh A12000001',5,'2020-11-19 12:16:03','0'),('19/11/2020','FJ','2020-11-19 12:16:03','4001.22',0,31000,'Piutang Penjualan oleh A12000001',2,'2020-11-19 12:16:03','0'),('19/11/2020','FJ','2020-11-19 12:16:03','5001',31000,0,'Persediaan Penjualan oleh A12000001',4,'2020-11-19 12:16:03','0'),('19/11/2020','FJ','2020-11-19 12:21:18','1030.02',94500,0,'Piutang Penjualan oleh A12000061',1,'2020-11-19 12:21:18','A12000061'),('19/11/2020','FJ','2020-11-19 12:21:18','1050',0,94500,'Persediaan Penjualan oleh A12000061',5,'2020-11-19 12:21:19','0'),('19/11/2020','FJ','2020-11-19 12:21:18','4001.22',0,94500,'Piutang Penjualan oleh A12000061',2,'2020-11-19 12:21:19','0'),('19/11/2020','FJ','2020-11-19 12:21:18','5001',94500,0,'Persediaan Penjualan oleh A12000061',4,'2020-11-19 12:21:19','0'),('19/11/2020','FJ','2020-11-19 12:30:43','1030.02',27000,0,'Piutang Penjualan oleh A12000032',1,'2020-11-19 12:30:43','A12000032'),('19/11/2020','FJ','2020-11-19 12:30:43','1050',0,27000,'Persediaan Penjualan oleh A12000032',5,'2020-11-19 12:30:43','0'),('19/11/2020','FJ','2020-11-19 12:30:43','4001.22',0,27000,'Piutang Penjualan oleh A12000032',2,'2020-11-19 12:30:43','0'),('19/11/2020','FJ','2020-11-19 12:30:43','5001',27000,0,'Persediaan Penjualan oleh A12000032',4,'2020-11-19 12:30:43','0'),('19/11/2020','FJ','2020-11-19 12:33:33','1000',34000,0,'Penjualan Tunai',1,'2020-11-19 12:33:33','0'),('19/11/2020','FJ','2020-11-19 12:33:33','1050',0,30500,'Persediaan Penjualan',4,'2020-11-19 12:33:33','0'),('19/11/2020','FJ','2020-11-19 12:33:33','4001.22',0,34000,'Penjualan Tunai',2,'2020-11-19 12:33:33','0'),('19/11/2020','FJ','2020-11-19 12:33:33','5001',30500,0,'Persediaan Penjualan',3,'2020-11-19 12:33:33','0'),('19/11/2020','FJ','2020-11-19 12:35:06','1000',22000,0,'Penjualan Tunai',1,'2020-11-19 12:35:06','0'),('19/11/2020','FJ','2020-11-19 12:35:06','1050',0,19000,'Persediaan Penjualan',4,'2020-11-19 12:35:06','0'),('19/11/2020','FJ','2020-11-19 12:35:06','4001.22',0,22000,'Penjualan Tunai',2,'2020-11-19 12:35:06','0'),('19/11/2020','FJ','2020-11-19 12:35:06','5001',19000,0,'Persediaan Penjualan',3,'2020-11-19 12:35:06','0'),('19/11/2020','FJ','2020-11-19 15:02:33','1000',30000,0,'Penjualan Tunai',1,'2020-11-19 15:02:33','0'),('19/11/2020','FJ','2020-11-19 15:02:33','1050',0,24000,'Persediaan Penjualan',4,'2020-11-19 15:02:33','0'),('19/11/2020','FJ','2020-11-19 15:02:33','4001.22',0,30000,'Penjualan Tunai',2,'2020-11-19 15:02:33','0'),('19/11/2020','FJ','2020-11-19 15:02:33','5001',24000,0,'Persediaan Penjualan',3,'2020-11-19 15:02:33','0'),('19/11/2020','FJ','2020-11-19 15:08:09','1000',15000,0,'Penjualan Tunai',1,'2020-11-19 15:08:09','0'),('19/11/2020','FJ','2020-11-19 15:08:09','1050',0,12000,'Persediaan Penjualan',4,'2020-11-19 15:08:10','0'),('19/11/2020','FJ','2020-11-19 15:08:09','4001.22',0,15000,'Penjualan Tunai',2,'2020-11-19 15:08:10','0'),('19/11/2020','FJ','2020-11-19 15:08:09','5001',12000,0,'Persediaan Penjualan',3,'2020-11-19 15:08:10','0'),('19/11/2020','FJ','2020-11-19 15:53:59','1000',0,34500,'Hapus Penjualan No Bukti 2020-11-19 12:11:57 A12000001',1,'2020-11-19 15:53:59','0'),('19/11/2020','FJ','2020-11-19 15:53:59','1050',34500,0,'Hapus Penjualan No Bukti 2020-11-19 12:11:57 A12000001',4,'2020-11-19 15:53:59','0'),('19/11/2020','FJ','2020-11-19 15:53:59','4001.22',34500,0,'Hapus Penjualan No Bukti 2020-11-19 12:11:57 A12000001',2,'2020-11-19 15:53:59','0'),('19/11/2020','FJ','2020-11-19 15:53:59','5001',0,34500,'Hapus Penjualan No Bukti 2020-11-19 12:11:57 A12000001',3,'2020-11-19 15:53:59','0'),('19/11/2020','FJ','2020-11-19 15:53:59R','1000',34500,0,'Ref Piutang Penjualan oleh A12000001 no Bukti 2020-11-19 12:11:57',3,'2020-11-19 15:53:59','0'),('19/11/2020','FJ','2020-11-19 15:53:59R','1030.02',-34500,0,'Ref Piutang Penjualan oleh A12000001 no Bukti 2020-11-19 12:11:57',1,'2020-11-19 15:53:59','A12000001'),('19/11/2020','FJ','2020-11-19 15:53:59R','1050',0,0,'Ref Piutang Penjualan oleh A12000001 no Bukti 2020-11-19 12:11:57',5,'2020-11-19 15:53:59','0'),('19/11/2020','FJ','2020-11-19 15:53:59R','4001.22',0,0,'Ref Piutang Penjualan oleh A12000001 no Bukti 2020-11-19 12:11:57',2,'2020-11-19 15:53:59','0'),('19/11/2020','FJ','2020-11-19 15:53:59R','5001',0,0,'Ref Piutang Penjualan oleh A12000001 no Bukti 2020-11-19 12:11:57',4,'2020-11-19 15:53:59','0'),('19/11/2020','FJ','2020-11-19 15:58:58','1030.02',0,94500,'Hapus Penjualan No Bukti 2020-11-19 12:21:18 A12000061',1,'2020-11-19 15:58:58','A12000061'),('19/11/2020','FJ','2020-11-19 15:58:58','1050',94500,0,'Hapus Penjualan No Bukti 2020-11-19 12:21:18 A12000061',5,'2020-11-19 15:58:58','0'),('19/11/2020','FJ','2020-11-19 15:58:58','4001.22',94500,0,'Hapus Penjualan No Bukti 2020-11-19 12:21:18 A12000061',2,'2020-11-19 15:58:58','0'),('19/11/2020','FJ','2020-11-19 15:58:58','5001',0,94500,'Hapus Penjualan No Bukti 2020-11-19 12:21:18 A12000061',4,'2020-11-19 15:58:58','0'),('19/11/2020','FJ','2020-11-19 15:58:58R','1030.02',106500,0,'Ref Piutang Penjualan oleh A12000061 no Bukti 2020-11-19 12:21:18',1,'2020-11-19 15:58:58','A12000061'),('19/11/2020','FJ','2020-11-19 15:58:58R','1050',0,82000,'Ref Piutang Penjualan oleh A12000061 no Bukti 2020-11-19 12:21:18',5,'2020-11-19 15:58:58','0'),('19/11/2020','FJ','2020-11-19 15:58:58R','4001.22',0,106500,'Ref Piutang Penjualan oleh A12000061 no Bukti 2020-11-19 12:21:18',2,'2020-11-19 15:58:58','0'),('19/11/2020','FJ','2020-11-19 15:58:58R','5001',82000,0,'Ref Piutang Penjualan oleh A12000061 no Bukti 2020-11-19 12:21:18',4,'2020-11-19 15:58:58','0'),('19/11/2020','FJ','2020-11-19 16:00:14','1030.02',94500,0,'Hapus Penjualan No Bukti 2020-11-19 15:58:58 A12000061',1,'2020-11-19 16:00:14','A12000061'),('19/11/2020','FJ','2020-11-19 16:00:14','1050',0,94500,'Hapus Penjualan No Bukti 2020-11-19 15:58:58 A12000061',5,'2020-11-19 16:00:14','0'),('19/11/2020','FJ','2020-11-19 16:00:14','4001.22',0,94500,'Hapus Penjualan No Bukti 2020-11-19 15:58:58 A12000061',2,'2020-11-19 16:00:14','0'),('19/11/2020','FJ','2020-11-19 16:00:14','5001',94500,0,'Hapus Penjualan No Bukti 2020-11-19 15:58:58 A12000061',4,'2020-11-19 16:00:14','0'),('19/11/2020','FJ','2020-11-19 16:00:15R','1030.02',97000,0,'Ref Piutang Penjualan oleh A12000061 no Bukti 2020-11-19 15:58:58',1,'2020-11-19 16:00:15','A12000061'),('19/11/2020','FJ','2020-11-19 16:00:15R','1050',0,97000,'Ref Piutang Penjualan oleh A12000061 no Bukti 2020-11-19 15:58:58',5,'2020-11-19 16:00:15','0'),('19/11/2020','FJ','2020-11-19 16:00:15R','4001.22',0,97000,'Ref Piutang Penjualan oleh A12000061 no Bukti 2020-11-19 15:58:58',2,'2020-11-19 16:00:15','0'),('19/11/2020','FJ','2020-11-19 16:00:15R','5001',97000,0,'Ref Piutang Penjualan oleh A12000061 no Bukti 2020-11-19 15:58:58',4,'2020-11-19 16:00:15','0'),('19/11/2020','FJ','2020-11-19 16:23:13','1030.02',12500,0,'Piutang Penjualan oleh A12000003',1,'2020-11-19 16:23:15','A12000003'),('19/11/2020','FJ','2020-11-19 16:23:13','1050',0,12500,'Persediaan Penjualan oleh A12000003',5,'2020-11-19 16:23:16','0'),('19/11/2020','FJ','2020-11-19 16:23:13','4001.22',0,12500,'Piutang Penjualan oleh A12000003',2,'2020-11-19 16:23:15','0'),('19/11/2020','FJ','2020-11-19 16:23:13','5001',12500,0,'Persediaan Penjualan oleh A12000003',4,'2020-11-19 16:23:15','0'),('19/11/2020','FJ','2020-11-19 16:27:04','1000',30000,0,'Penjualan Tunai',1,'2020-11-19 16:27:05','0'),('19/11/2020','FJ','2020-11-19 16:27:04','1050',0,27500,'Persediaan Penjualan',4,'2020-11-19 16:27:05','0'),('19/11/2020','FJ','2020-11-19 16:27:04','4001.22',0,30000,'Penjualan Tunai',2,'2020-11-19 16:27:05','0'),('19/11/2020','FJ','2020-11-19 16:27:04','5001',27500,0,'Persediaan Penjualan',3,'2020-11-19 16:27:05','0'),('19/11/2020','FJ','2020-11-19 16:29:54','1000',27000,0,'Penjualan Tunai',1,'2020-11-19 16:29:55','0'),('19/11/2020','FJ','2020-11-19 16:29:54','1050',0,18000,'Persediaan Penjualan',4,'2020-11-19 16:29:56','0'),('19/11/2020','FJ','2020-11-19 16:29:54','4001.22',0,27000,'Penjualan Tunai',2,'2020-11-19 16:29:56','0'),('19/11/2020','FJ','2020-11-19 16:29:54','5001',18000,0,'Persediaan Penjualan',3,'2020-11-19 16:29:56','0'),('19/11/2020','FJ','2020-11-19 16:33:04','1000',12000,0,'Penjualan Tunai',1,'2020-11-19 16:33:05','0'),('19/11/2020','FJ','2020-11-19 16:33:04','1050',0,10000,'Persediaan Penjualan',4,'2020-11-19 16:33:06','0'),('19/11/2020','FJ','2020-11-19 16:33:04','4001.22',0,12000,'Penjualan Tunai',2,'2020-11-19 16:33:05','0'),('19/11/2020','FJ','2020-11-19 16:33:04','5001',10000,0,'Persediaan Penjualan',3,'2020-11-19 16:33:06','0'),('19/11/2020','FJ','2020-11-19 16:38:46','1030.02',0,12500,'Hapus Penjualan No Bukti 2020-11-19 16:23:13 A12000003',1,'2020-11-19 16:38:46','A12000003'),('19/11/2020','FJ','2020-11-19 16:38:46','1050',12500,0,'Hapus Penjualan No Bukti 2020-11-19 16:23:13 A12000003',5,'2020-11-19 16:38:46','0'),('19/11/2020','FJ','2020-11-19 16:38:46','4001.22',12500,0,'Hapus Penjualan No Bukti 2020-11-19 16:23:13 A12000003',2,'2020-11-19 16:38:46','0'),('19/11/2020','FJ','2020-11-19 16:38:46','5001',0,12500,'Hapus Penjualan No Bukti 2020-11-19 16:23:13 A12000003',4,'2020-11-19 16:38:46','0'),('19/11/2020','FJ','2020-11-19 16:38:56R','1030.02',20000,0,'Ref Piutang Penjualan oleh A12000003 no Bukti 2020-11-19 16:23:13',1,'2020-11-19 16:38:56','A12000003'),('19/11/2020','FJ','2020-11-19 16:38:56R','1050',0,17000,'Ref Piutang Penjualan oleh A12000003 no Bukti 2020-11-19 16:23:13',5,'2020-11-19 16:38:56','0'),('19/11/2020','FJ','2020-11-19 16:38:56R','4001.22',0,20000,'Ref Piutang Penjualan oleh A12000003 no Bukti 2020-11-19 16:23:13',2,'2020-11-19 16:38:56','0'),('19/11/2020','FJ','2020-11-19 16:38:56R','5001',17000,0,'Ref Piutang Penjualan oleh A12000003 no Bukti 2020-11-19 16:23:13',4,'2020-11-19 16:38:56','0'),('19/11/2020','FJ','2020-11-19 16:48:28','1030.02',21000,0,'Piutang Penjualan oleh A12000001',1,'2020-11-19 16:48:28','A12000001'),('19/11/2020','FJ','2020-11-19 16:48:28','1050',0,21000,'Persediaan Penjualan oleh A12000001',5,'2020-11-19 16:48:28','0'),('19/11/2020','FJ','2020-11-19 16:48:28','4001.22',0,21000,'Piutang Penjualan oleh A12000001',2,'2020-11-19 16:48:28','0'),('19/11/2020','FJ','2020-11-19 16:48:28','5001',21000,0,'Persediaan Penjualan oleh A12000001',4,'2020-11-19 16:48:28','0'),('19/11/2020','KM','20201119-A12000061 L','1000',97000,0,'Pelunasan Piutang Penjualan oleh A12000061',2,'2020-11-19 16:07:38','A12000061'),('19/11/2020','KM','20201119-A12000061 L','1030.02',0,97000,'Pelunasan Piutang Penjualan oleh A12000061',1,'2020-11-19 16:07:38','A12000061'),('20/10/2020','FB','2020-10-20 14:34:10','1000',0,995000,'Pembelian pada 4 Toko Andhik',3,'2020-10-20 14:34:10','0'),('20/10/2020','FB','2020-10-20 14:34:10','1050',995000,0,'Persediaan Pembelian pada 4',4,'2020-10-20 14:34:10','0'),('20/10/2020','FB','2020-10-20 14:34:10','5001',0,995000,'Persediaan Pembelian pada 4',5,'2020-10-20 14:34:10','0'),('20/10/2020','FB','2020-10-20 14:34:10','5001.01',995000,0,'Hutang Pembelian pada 4 Toko Andhik',1,'2020-10-20 14:34:10','0'),('20/11/2020','FJ','2020-11-20 13:06:54','1000',102200,0,'Penjualan Tunai',1,'2020-11-20 13:06:54','0'),('20/11/2020','FJ','2020-11-20 13:06:54','1050',0,102200,'Persediaan Penjualan',4,'2020-11-20 13:06:54','0'),('20/11/2020','FJ','2020-11-20 13:06:54','4001.22',0,102200,'Penjualan Tunai',2,'2020-11-20 13:06:54','0'),('20/11/2020','FJ','2020-11-20 13:06:54','5001',102200,0,'Persediaan Penjualan',3,'2020-11-20 13:06:54','0'),('21/12/2020','FJ','2020-12-21 11:20:05','1000',26000,0,'Penjualan Tunai',1,'2020-12-21 11:20:05','0'),('21/12/2020','FJ','2020-12-21 11:20:05','1050',0,22000,'Persediaan Penjualan',4,'2020-12-21 11:20:05','0'),('21/12/2020','FJ','2020-12-21 11:20:05','4001.22',0,26000,'Penjualan Tunai',2,'2020-12-21 11:20:05','0'),('21/12/2020','FJ','2020-12-21 11:20:05','5001',22000,0,'Persediaan Penjualan',3,'2020-12-21 11:20:05','0'),('22/10/2020','FB','2020-10-22 17:14:31','1000',0,1753868.32,'Pembelian Tunai',2,'2020-10-22 17:14:31','0'),('22/10/2020','FB','2020-10-22 17:14:31','1050',1753868.32,0,'Persediaan Pembelian ',3,'2020-10-22 17:14:31','0'),('22/10/2020','FB','2020-10-22 17:14:31','5001',0,1753868.32,'Persediaan Pembelian ',4,'2020-10-22 17:14:31','0'),('22/10/2020','FB','2020-10-22 17:14:31','5001.01',1753868.32,0,'Pembelian Tunai',1,'2020-10-22 17:14:31','0'),('22/10/2020','FJ','2020-10-22 17:16:47','1030.02',21000,0,'Piutang Penjualan oleh A12000001',1,'2020-10-22 17:16:47','A12000001'),('22/10/2020','FJ','2020-10-22 17:16:47','1050',0,21000,'Persediaan Penjualan oleh A12000001',5,'2020-10-22 17:16:47','0'),('22/10/2020','FJ','2020-10-22 17:16:47','4001.22',0,21000,'Piutang Penjualan oleh A12000001',2,'2020-10-22 17:16:47','0'),('22/10/2020','FJ','2020-10-22 17:16:47','5001',21000,0,'Persediaan Penjualan oleh A12000001',4,'2020-10-22 17:16:47','0'),('22/10/2020','FJ','2020-10-22 17:18:10','1030.02',21000,0,'Piutang Penjualan oleh A12000032',1,'2020-10-22 17:18:10','A12000032'),('22/10/2020','FJ','2020-10-22 17:18:10','1050',0,21000,'Persediaan Penjualan oleh A12000032',5,'2020-10-22 17:18:10','0'),('22/10/2020','FJ','2020-10-22 17:18:10','4001.22',0,21000,'Piutang Penjualan oleh A12000032',2,'2020-10-22 17:18:10','0'),('22/10/2020','FJ','2020-10-22 17:18:10','5001',21000,0,'Persediaan Penjualan oleh A12000032',4,'2020-10-22 17:18:10','0'),('22/10/2020','FJ','2020-10-22 17:19:14','1030.02',21000,0,'Piutang Penjualan oleh A12000003',1,'2020-10-22 17:19:14','A12000003'),('22/10/2020','FJ','2020-10-22 17:19:14','1050',0,21000,'Persediaan Penjualan oleh A12000003',5,'2020-10-22 17:19:14','0'),('22/10/2020','FJ','2020-10-22 17:19:14','4001.22',0,21000,'Piutang Penjualan oleh A12000003',2,'2020-10-22 17:19:14','0'),('22/10/2020','FJ','2020-10-22 17:19:14','5001',21000,0,'Persediaan Penjualan oleh A12000003',4,'2020-10-22 17:19:14','0'),('22/10/2020','FJ','2020-10-22 17:20:54','1030.02',104000,0,'Piutang Penjualan oleh A12000005',1,'2020-10-22 17:20:54','A12000005'),('22/10/2020','FJ','2020-10-22 17:20:54','1050',0,104000,'Persediaan Penjualan oleh A12000005',5,'2020-10-22 17:20:54','0'),('22/10/2020','FJ','2020-10-22 17:20:54','4001.22',0,104000,'Piutang Penjualan oleh A12000005',2,'2020-10-22 17:20:54','0'),('22/10/2020','FJ','2020-10-22 17:20:54','5001',104000,0,'Persediaan Penjualan oleh A12000005',4,'2020-10-22 17:20:54','0'),('22/10/2020','FJ','2020-10-22 17:21:49','1030.02',110500,0,'Piutang Penjualan oleh A12000004',1,'2020-10-22 17:21:49','A12000004'),('22/10/2020','FJ','2020-10-22 17:21:49','1050',0,108000,'Persediaan Penjualan oleh A12000004',5,'2020-10-22 17:21:50','0'),('22/10/2020','FJ','2020-10-22 17:21:49','4001.22',0,110500,'Piutang Penjualan oleh A12000004',2,'2020-10-22 17:21:49','0'),('22/10/2020','FJ','2020-10-22 17:21:49','5001',108000,0,'Persediaan Penjualan oleh A12000004',4,'2020-10-22 17:21:49','0'),('22/12/2020','FJ','2020-12-22 12:30:37','1000',103000,0,'Penjualan Tunai',1,'2020-12-22 12:30:37','0'),('22/12/2020','FJ','2020-12-22 12:30:37','1050',0,103000,'Persediaan Penjualan',4,'2020-12-22 12:30:37','0'),('22/12/2020','FJ','2020-12-22 12:30:37','4001.22',0,103000,'Penjualan Tunai',2,'2020-12-22 12:30:37','0'),('22/12/2020','FJ','2020-12-22 12:30:37','5001',103000,0,'Persediaan Penjualan',3,'2020-12-22 12:30:37','0'),('23/03/2021','FJ','2021-03-23 15:21:21','1030.02',415000,0,'Piutang Penjualan oleh A12000079',1,'2021-03-23 15:21:21','A12000079'),('23/03/2021','FJ','2021-03-23 15:21:21','1050',0,381665,'Persediaan Penjualan oleh A12000079',5,'2021-03-23 15:21:21','0'),('23/03/2021','FJ','2021-03-23 15:21:21','4001.22',0,415000,'Piutang Penjualan oleh A12000079',2,'2021-03-23 15:21:21','0'),('23/03/2021','FJ','2021-03-23 15:21:21','5001',381665,0,'Persediaan Penjualan oleh A12000079',4,'2021-03-23 15:21:21','0'),('23/11/2020','FJ','2020-11-23 16:04:46','1030.02',21000,0,'Piutang Penjualan oleh A12000061',1,'2020-11-23 16:04:46','A12000061'),('23/11/2020','FJ','2020-11-23 16:04:46','1050',0,21000,'Persediaan Penjualan oleh A12000061',5,'2020-11-23 16:04:46','0'),('23/11/2020','FJ','2020-11-23 16:04:46','4001.22',0,21000,'Piutang Penjualan oleh A12000061',2,'2020-11-23 16:04:46','0'),('23/11/2020','FJ','2020-11-23 16:04:46','5001',21000,0,'Persediaan Penjualan oleh A12000061',4,'2020-11-23 16:04:46','0'),('23/11/2020','FK','2020-11-23 16:25:31','1050',210000,0,'Persediaan Konsinasi oleh 8',1,'2020-11-23 16:25:31','0'),('23/11/2020','FK','2020-11-23 16:25:31','5001',0,210000,'Persediaan Konsinasi oleh 8',2,'2020-11-23 16:25:32','0'),('24/11/2020','FK','2020-11-17 14:23:32','1000',0,396000,'Pembayaran Persediaan Konsinasi oleh 8',2,'2020-11-24 13:42:18','0'),('24/11/2020','FK','2020-11-17 14:23:32','1050',0,256500,'Return Persediaan Konsinasi oleh 8',2,'2020-11-24 13:42:18','0'),('24/11/2020','FK','2020-11-17 14:23:32','5001',256500,0,'Return Persediaan Konsinasi oleh 8',1,'2020-11-24 13:42:18','0'),('24/11/2020','FK','2020-11-17 14:23:32','5001.01',396000,0,'Pembayaran Persediaan Konsinasi oleh 8',1,'2020-11-24 13:42:18','0'),('24/11/2020','FK','2020-11-24 13:46:05','1050',144000,0,'Persediaan Konsinasi oleh 8',1,'2020-11-24 13:46:05','0'),('24/11/2020','FK','2020-11-24 13:46:05','5001',0,144000,'Persediaan Konsinasi oleh 8',2,'2020-11-24 13:46:05','0'),('24/12/2020','KM','2012020','1000',7000000,0,'HUTANG KE LENDER RBW',1,'2021-01-04 12:49:10','0'),('24/12/2020','KM','2012020','2001.02.020',0,7000000,'HUTANG KE LENDER RBW',2,'2021-01-04 12:49:10','0'),('24/12/2020','PA','2012064','1000',0,6930000,'PENCAIRAN PIUTANG PURNOMO',1,'2021-01-04 12:47:53','0'),('24/12/2020','PA','2012064','1030.04.064',7000000,0,'PENCAIRAN PIUTANG PURNOMO',3,'2021-01-04 12:47:54','0'),('24/12/2020','PA','2012064','4001.02',0,70000,'PENCAIRAN PIUTANG PURNOMO',2,'2021-01-04 12:47:54','0'),('25/02/2021','FB','2021-02-25 1004','1050',1923,0,'Penyesuaian kenaikan harga no barang1004',1,'2021-02-25 16:50:07','0'),('25/02/2021','FB','2021-02-25 1004','5001',0,1923,'Penyesuaian kenaikan harga no barang1004',2,'2021-02-25 16:50:07','0'),('25/02/2021','FB','2021-02-25 1006','1050',0,0,'Penyesuaian penurunan harga no barang1006',1,'2021-02-25 16:50:07','0'),('25/02/2021','FB','2021-02-25 1006','5001',0,0,'Penyesuaian penurunan harga no barang1006',2,'2021-02-25 16:50:07','0'),('25/02/2021','FB','2021-02-25 1007','1050',0,0,'Penyesuaian penurunan harga no barang1007',1,'2021-02-25 16:50:08','0'),('25/02/2021','FB','2021-02-25 1007','5001',0,0,'Penyesuaian penurunan harga no barang1007',2,'2021-02-25 16:50:08','0'),('25/02/2021','FB','2021-02-25 1008','1050',5375,0,'Penyesuaian kenaikan harga no barang1008',1,'2021-02-25 16:50:07','0'),('25/02/2021','FB','2021-02-25 1008','5001',0,5375,'Penyesuaian kenaikan harga no barang1008',2,'2021-02-25 16:50:07','0'),('25/02/2021','FB','2021-02-25 1018','1050',0,1073,'Penyesuaian penurunan harga no barang1018',1,'2021-02-25 16:50:07','0'),('25/02/2021','FB','2021-02-25 1018','5001',1073,0,'Penyesuaian penurunan harga no barang1018',2,'2021-02-25 16:50:07','0'),('25/02/2021','FB','2021-02-25 1052','1050',0,0,'Penyesuaian kenaikan harga no barang1052',1,'2021-02-25 16:50:07','0'),('25/02/2021','FB','2021-02-25 1052','5001',0,0,'Penyesuaian kenaikan harga no barang1052',2,'2021-02-25 16:50:07','0'),('25/02/2021','FB','2021-02-25 16:50:07','1050',1212625,0,'Persediaan Pembelian pada 6',4,'2021-02-25 16:50:08','0'),('25/02/2021','FB','2021-02-25 16:50:07','2002.01',0,1212625,'Hutang Pembelian pada 6 Indogrosir',2,'2021-02-25 16:50:08','0'),('25/02/2021','FB','2021-02-25 16:50:07','5001',0,1212625,'Persediaan Pembelian pada 6',5,'2021-02-25 16:50:08','0'),('25/02/2021','FB','2021-02-25 16:50:07','5001.01',1212625,0,'Hutang Pembelian pada 6 Indogrosir',1,'2021-02-25 16:50:08','0'),('25/02/2021','FK','2020-12-01 11:15:44','1000',0,162500,'Pembayaran Persediaan Konsinasi oleh 8',2,'2021-02-25 15:46:36','0'),('25/02/2021','FK','2020-12-01 11:15:44','1050',0,270000,'Return Persediaan Konsinasi oleh 8',2,'2021-02-25 15:46:36','0'),('25/02/2021','FK','2020-12-01 11:15:44','5001',270000,0,'Return Persediaan Konsinasi oleh 8',1,'2021-02-25 15:46:36','0'),('25/02/2021','FK','2020-12-01 11:15:44','5001.01',162500,0,'Pembayaran Persediaan Konsinasi oleh 8',1,'2021-02-25 15:46:36','0'),('25/03/2021','FJ','2021-03-25 14:15:54','1030.02',60000,0,'Piutang Penjualan oleh A12000009',1,'2021-03-25 14:15:55','A12000009'),('25/03/2021','FJ','2021-03-25 14:15:54','1050',0,55250,'Persediaan Penjualan oleh A12000009',5,'2021-03-25 14:15:55','0'),('25/03/2021','FJ','2021-03-25 14:15:54','4001.22',0,60000,'Piutang Penjualan oleh A12000009',2,'2021-03-25 14:15:55','0'),('25/03/2021','FJ','2021-03-25 14:15:54','5001',55250,0,'Persediaan Penjualan oleh A12000009',4,'2021-03-25 14:15:55','0'),('25/11/2020','FJ','2020-11-25 12:24:49','1000',16000,0,'Penjualan Tunai',1,'2020-11-25 12:24:49','0'),('25/11/2020','FJ','2020-11-25 12:24:49','1050',0,12000,'Persediaan Penjualan',4,'2020-11-25 12:24:50','0'),('25/11/2020','FJ','2020-11-25 12:24:49','4001.22',0,16000,'Penjualan Tunai',2,'2020-11-25 12:24:50','0'),('25/11/2020','FJ','2020-11-25 12:24:49','5001',12000,0,'Persediaan Penjualan',3,'2020-11-25 12:24:50','0'),('25/11/2020','FJ','2020-11-25 12:27:21','1030.02',8400,0,'Piutang Penjualan oleh A12000003',1,'2020-11-25 12:27:22','A12000003'),('25/11/2020','FJ','2020-11-25 12:27:21','1050',0,8400,'Persediaan Penjualan oleh A12000003',5,'2020-11-25 12:27:22','0'),('25/11/2020','FJ','2020-11-25 12:27:21','4001.22',0,8400,'Piutang Penjualan oleh A12000003',2,'2020-11-25 12:27:22','0'),('25/11/2020','FJ','2020-11-25 12:27:21','5001',8400,0,'Persediaan Penjualan oleh A12000003',4,'2020-11-25 12:27:22','0'),('25/11/2020','FJ','2020-11-25 12:32:45','1000',49667,0,'Penjualan Tunai',1,'2020-11-25 12:32:45','0'),('25/11/2020','FJ','2020-11-25 12:32:45','1050',0,49667,'Persediaan Penjualan',4,'2020-11-25 12:32:46','0'),('25/11/2020','FJ','2020-11-25 12:32:45','4001.22',0,49667,'Penjualan Tunai',2,'2020-11-25 12:32:45','0'),('25/11/2020','FJ','2020-11-25 12:32:45','5001',49667,0,'Persediaan Penjualan',3,'2020-11-25 12:32:45','0'),('26/02/2021','FJ','2021-02-26 15:24:31','1030.02',169500,0,'Piutang Penjualan oleh A12000004',1,'2021-02-26 15:24:31','A12000004'),('26/02/2021','FJ','2021-02-26 15:24:31','1050',0,169500,'Persediaan Penjualan oleh A12000004',5,'2021-02-26 15:24:31','0'),('26/02/2021','FJ','2021-02-26 15:24:31','4001.22',0,169500,'Piutang Penjualan oleh A12000004',2,'2021-02-26 15:24:31','0'),('26/02/2021','FJ','2021-02-26 15:24:31','5001',169500,0,'Persediaan Penjualan oleh A12000004',4,'2021-02-26 15:24:31','0'),('26/02/2021','FJ','2021-02-26 15:50:01','1030.02',35000,0,'Piutang Penjualan oleh A12000013',1,'2021-02-26 15:50:01','A12000013'),('26/02/2021','FJ','2021-02-26 15:50:01','1050',0,34500,'Persediaan Penjualan oleh A12000013',5,'2021-02-26 15:50:02','0'),('26/02/2021','FJ','2021-02-26 15:50:01','4001.22',0,35000,'Piutang Penjualan oleh A12000013',2,'2021-02-26 15:50:02','0'),('26/02/2021','FJ','2021-02-26 15:50:01','5001',34500,0,'Persediaan Penjualan oleh A12000013',4,'2021-02-26 15:50:02','0'),('26/02/2021','FJ','2021-02-26 15:50:58','1030.02',70000,0,'Piutang Penjualan oleh A12000010',1,'2021-02-26 15:50:59','A12000010'),('26/02/2021','FJ','2021-02-26 15:50:58','1050',0,65550,'Persediaan Penjualan oleh A12000010',5,'2021-02-26 15:50:59','0'),('26/02/2021','FJ','2021-02-26 15:50:58','4001.22',0,70000,'Piutang Penjualan oleh A12000010',2,'2021-02-26 15:50:59','0'),('26/02/2021','FJ','2021-02-26 15:50:58','5001',65550,0,'Persediaan Penjualan oleh A12000010',4,'2021-02-26 15:50:59','0'),('26/02/2021','FJ','2021-02-26 16:14:43','1030.02',92434,0,'Piutang Penjualan oleh A12000061',1,'2021-02-26 16:14:43','A12000061'),('26/02/2021','FJ','2021-02-26 16:14:43','1050',0,92434,'Persediaan Penjualan oleh A12000061',5,'2021-02-26 16:14:44','0'),('26/02/2021','FJ','2021-02-26 16:14:43','4001.22',0,92434,'Piutang Penjualan oleh A12000061',2,'2021-02-26 16:14:44','0'),('26/02/2021','FJ','2021-02-26 16:14:43','5001',92434,0,'Persediaan Penjualan oleh A12000061',4,'2021-02-26 16:14:44','0'),('26/11/2020','FJ','2020-11-26 11:39:15','1000',29000,0,'Penjualan Tunai',1,'2020-11-26 11:39:15','0'),('26/11/2020','FJ','2020-11-26 11:39:15','1050',0,23500,'Persediaan Penjualan',4,'2020-11-26 11:39:15','0'),('26/11/2020','FJ','2020-11-26 11:39:15','4001.22',0,29000,'Penjualan Tunai',2,'2020-11-26 11:39:15','0'),('26/11/2020','FJ','2020-11-26 11:39:15','5001',23500,0,'Persediaan Penjualan',3,'2020-11-26 11:39:15','0'),('26/11/2020','FJ','2020-11-26 11:58:21','1000',68500,0,'Penjualan Tunai',1,'2020-11-26 11:58:21','0'),('26/11/2020','FJ','2020-11-26 11:58:21','1050',0,61781,'Persediaan Penjualan',4,'2020-11-26 11:58:21','0'),('26/11/2020','FJ','2020-11-26 11:58:21','4001.22',0,68500,'Penjualan Tunai',2,'2020-11-26 11:58:21','0'),('26/11/2020','FJ','2020-11-26 11:58:21','5001',61781,0,'Persediaan Penjualan',3,'2020-11-26 11:58:21','0'),('26/11/2020','FJ','2020-11-26 12:12:21','1030.02',23750,0,'Piutang Penjualan oleh A12000001',1,'2020-11-26 12:12:21','A12000001'),('26/11/2020','FJ','2020-11-26 12:12:21','1050',0,23750,'Persediaan Penjualan oleh A12000001',5,'2020-11-26 12:12:21','0'),('26/11/2020','FJ','2020-11-26 12:12:21','4001.22',0,23750,'Piutang Penjualan oleh A12000001',2,'2020-11-26 12:12:21','0'),('26/11/2020','FJ','2020-11-26 12:12:21','5001',23750,0,'Persediaan Penjualan oleh A12000001',4,'2020-11-26 12:12:21','0'),('26/11/2020','FJ','2020-11-26 12:14:17','1030.02',36000,0,'Piutang Penjualan oleh A12000004',1,'2020-11-26 12:14:17','A12000004'),('26/11/2020','FJ','2020-11-26 12:14:17','1050',0,36000,'Persediaan Penjualan oleh A12000004',5,'2020-11-26 12:14:17','0'),('26/11/2020','FJ','2020-11-26 12:14:17','4001.22',0,36000,'Piutang Penjualan oleh A12000004',2,'2020-11-26 12:14:17','0'),('26/11/2020','FJ','2020-11-26 12:14:17','5001',36000,0,'Persediaan Penjualan oleh A12000004',4,'2020-11-26 12:14:17','0'),('26/11/2020','FJ','2020-11-26 12:15:04','1030.02',32000,0,'Piutang Penjualan oleh A12000009',1,'2020-11-26 12:15:04','A12000009'),('26/11/2020','FJ','2020-11-26 12:15:04','1050',0,24000,'Persediaan Penjualan oleh A12000009',5,'2020-11-26 12:15:04','0'),('26/11/2020','FJ','2020-11-26 12:15:04','4001.22',0,32000,'Piutang Penjualan oleh A12000009',2,'2020-11-26 12:15:04','0'),('26/11/2020','FJ','2020-11-26 12:15:04','5001',24000,0,'Persediaan Penjualan oleh A12000009',4,'2020-11-26 12:15:04','0'),('26/11/2020','FJ','2020-11-26 12:16:15','1030.02',8000,0,'Piutang Penjualan oleh A12000044',1,'2020-11-26 12:16:15','A12000044'),('26/11/2020','FJ','2020-11-26 12:16:15','1050',0,6000,'Persediaan Penjualan oleh A12000044',5,'2020-11-26 12:16:15','0'),('26/11/2020','FJ','2020-11-26 12:16:15','4001.22',0,8000,'Piutang Penjualan oleh A12000044',2,'2020-11-26 12:16:15','0'),('26/11/2020','FJ','2020-11-26 12:16:15','5001',6000,0,'Persediaan Penjualan oleh A12000044',4,'2020-11-26 12:16:15','0'),('26/11/2020','FJ','2020-11-26 12:17:08','1030.02',16000,0,'Piutang Penjualan oleh A12000065',1,'2020-11-26 12:17:08','A12000065'),('26/11/2020','FJ','2020-11-26 12:17:08','1050',0,12000,'Persediaan Penjualan oleh A12000065',5,'2020-11-26 12:17:08','0'),('26/11/2020','FJ','2020-11-26 12:17:08','4001.22',0,16000,'Piutang Penjualan oleh A12000065',2,'2020-11-26 12:17:08','0'),('26/11/2020','FJ','2020-11-26 12:17:08','5001',12000,0,'Persediaan Penjualan oleh A12000065',4,'2020-11-26 12:17:08','0'),('26/11/2020','FJ','2020-11-26 12:45:37','1030.02',352500,0,'Piutang Penjualan oleh A12000053',1,'2020-11-26 12:45:38','A12000053'),('26/11/2020','FJ','2020-11-26 12:45:37','1050',0,311709,'Persediaan Penjualan oleh A12000053',5,'2020-11-26 12:45:38','0'),('26/11/2020','FJ','2020-11-26 12:45:37','4001.22',0,352500,'Piutang Penjualan oleh A12000053',2,'2020-11-26 12:45:38','0'),('26/11/2020','FJ','2020-11-26 12:45:37','5001',311709,0,'Persediaan Penjualan oleh A12000053',4,'2020-11-26 12:45:38','0'),('26/11/2020','FJ','2020-11-26 16:08:05','1000',28800,0,'Penjualan Tunai',1,'2020-11-26 16:08:05','0'),('26/11/2020','FJ','2020-11-26 16:08:05','1050',0,21600,'Persediaan Penjualan',4,'2020-11-26 16:08:05','0'),('26/11/2020','FJ','2020-11-26 16:08:05','4001.22',0,28800,'Penjualan Tunai',2,'2020-11-26 16:08:05','0'),('26/11/2020','FJ','2020-11-26 16:08:05','5001',21600,0,'Persediaan Penjualan',3,'2020-11-26 16:08:05','0'),('26/11/2020','FJ','2020-11-26 16:09:56','1030.02',8400,0,'Piutang Penjualan oleh A12000003',1,'2020-11-26 16:09:56','A12000003'),('26/11/2020','FJ','2020-11-26 16:09:56','1050',0,8400,'Persediaan Penjualan oleh A12000003',5,'2020-11-26 16:09:56','0'),('26/11/2020','FJ','2020-11-26 16:09:56','4001.22',0,8400,'Piutang Penjualan oleh A12000003',2,'2020-11-26 16:09:56','0'),('26/11/2020','FJ','2020-11-26 16:09:56','5001',8400,0,'Persediaan Penjualan oleh A12000003',4,'2020-11-26 16:09:56','0'),('26/11/2020','FJ','2020-11-26 16:12:11','1030.02',13800,0,'Piutang Penjualan oleh A12000001',1,'2020-11-26 16:12:11','A12000001'),('26/11/2020','FJ','2020-11-26 16:12:11','1050',0,13800,'Persediaan Penjualan oleh A12000001',5,'2020-11-26 16:12:11','0'),('26/11/2020','FJ','2020-11-26 16:12:11','4001.22',0,13800,'Piutang Penjualan oleh A12000001',2,'2020-11-26 16:12:11','0'),('26/11/2020','FJ','2020-11-26 16:12:11','5001',13800,0,'Persediaan Penjualan oleh A12000001',4,'2020-11-26 16:12:11','0'),('26/11/2020','FJ','2020-11-26 17:03:20','1030.02',12000,0,'Piutang Penjualan oleh A12000003',1,'2020-11-26 17:03:20','A12000003'),('26/11/2020','FJ','2020-11-26 17:03:20','1050',0,12000,'Persediaan Penjualan oleh A12000003',5,'2020-11-26 17:03:21','0'),('26/11/2020','FJ','2020-11-26 17:03:20','4001.22',0,12000,'Piutang Penjualan oleh A12000003',2,'2020-11-26 17:03:21','0'),('26/11/2020','FJ','2020-11-26 17:03:20','5001',12000,0,'Persediaan Penjualan oleh A12000003',4,'2020-11-26 17:03:21','0'),('26/11/2020','FK','2020-11-26 12:43:45','1050',55000,0,'Persediaan Konsinasi oleh 9',1,'2020-11-26 12:43:45','0'),('26/11/2020','FK','2020-11-26 12:43:45','5001',0,55000,'Persediaan Konsinasi oleh 9',2,'2020-11-26 12:43:45','0'),('26/11/2020','FK','2020-11-26 17:00:56','1050',240000,0,'Persediaan Konsinasi oleh 10',1,'2020-11-26 17:00:56','0'),('26/11/2020','FK','2020-11-26 17:00:56','5001',0,240000,'Persediaan Konsinasi oleh 10',2,'2020-11-26 17:00:56','0'),('27/11/2020','FJ','2020-11-27 11:42:33','1030.02',23500,0,'Piutang Penjualan oleh A12000032',1,'2020-11-27 11:42:33','A12000032'),('27/11/2020','FJ','2020-11-27 11:42:33','1050',0,23500,'Persediaan Penjualan oleh A12000032',5,'2020-11-27 11:42:33','0'),('27/11/2020','FJ','2020-11-27 11:42:33','4001.22',0,23500,'Piutang Penjualan oleh A12000032',2,'2020-11-27 11:42:33','0'),('27/11/2020','FJ','2020-11-27 11:42:33','5001',23500,0,'Persediaan Penjualan oleh A12000032',4,'2020-11-27 11:42:33','0'),('28/01/2021','FJ','2021-01-28 15:06:45','1030.02',107000,0,'Piutang Penjualan oleh A12000003',1,'2021-01-28 15:06:45','A12000003'),('28/01/2021','FJ','2021-01-28 15:06:45','1050',0,107000,'Persediaan Penjualan oleh A12000003',5,'2021-01-28 15:06:45','0'),('28/01/2021','FJ','2021-01-28 15:06:45','4001.22',0,107000,'Piutang Penjualan oleh A12000003',2,'2021-01-28 15:06:45','0'),('28/01/2021','FJ','2021-01-28 15:06:45','5001',107000,0,'Persediaan Penjualan oleh A12000003',4,'2021-01-28 15:06:45','0'),('29/12/2020','FJ','2020-12-29 12:26:12','1000',115000,0,'Penjualan Tunai',1,'2020-12-29 12:26:12','0'),('29/12/2020','FJ','2020-12-29 12:26:12','1050',0,108000,'Persediaan Penjualan',4,'2020-12-29 12:26:12','0'),('29/12/2020','FJ','2020-12-29 12:26:12','4001.22',0,115000,'Penjualan Tunai',2,'2020-12-29 12:26:12','0'),('29/12/2020','FJ','2020-12-29 12:26:12','5001',108000,0,'Persediaan Penjualan',3,'2020-12-29 12:26:12','0'),('29/12/2020','FJ','2020-12-29 12:37:36','1030.02',125000,0,'Piutang Penjualan oleh A12000053',1,'2020-12-29 12:37:36','A12000053'),('29/12/2020','FJ','2020-12-29 12:37:36','1050',0,115000,'Persediaan Penjualan oleh A12000053',5,'2020-12-29 12:37:36','0'),('29/12/2020','FJ','2020-12-29 12:37:36','4001.22',0,125000,'Piutang Penjualan oleh A12000053',2,'2020-12-29 12:37:36','0'),('29/12/2020','FJ','2020-12-29 12:37:36','5001',115000,0,'Persediaan Penjualan oleh A12000053',4,'2020-12-29 12:37:36','0'),('29/12/2020','PA','2012082','1000',0,5940000,'PENCAIRAN PIUTANG REBECCA',1,'2021-01-04 12:51:18','0'),('29/12/2020','PA','2012082','1030.04.083',6000000,0,'PENCAIRAN PIUTANG REBECCA',3,'2021-01-04 12:51:18','0'),('29/12/2020','PA','2012082','4001.02',0,60000,'PENCAIRAN PIUTANG REBECCA',2,'2021-01-04 12:51:18','0'),('30/11/2020','PA','2011040','1000',0,1985000,'PENCAIRAN PIUTANG RATNA K',1,'2020-12-10 16:42:06','0'),('30/11/2020','PA','2011040','1030.03.040',2000000,0,'PENCAIRAN PIUTANG RATNA K',2,'2020-12-10 16:42:06','0'),('30/11/2020','PA','2011040','4001.02',0,15000,'PENCAIRAN PIUTANG RATNA K',3,'2020-12-10 16:42:06','0');

/*Table structure for table `konsinasi` */

DROP TABLE IF EXISTS `konsinasi`;

CREATE TABLE `konsinasi` (
  `KonsinasiID` varchar(20) NOT NULL,
  `SupplierID` int(10) unsigned NOT NULL,
  `EmployeeID` int(10) unsigned NOT NULL,
  `KonsinasiDate` datetime NOT NULL,
  `SubTotal` double default '0',
  `DiskonTransaksi` double default '0',
  `ReturnVelue` double default '0',
  `GrandTotalOrder` double default '0',
  `Tunai` double default '0',
  `No_Nota` varchar(20) default NULL,
  PRIMARY KEY  (`KonsinasiID`),
  KEY `FK_orders_employeeid` (`EmployeeID`),
  KEY `FK_orders_customer_id` (`SupplierID`),
  CONSTRAINT `konsinasi_ibfk_1` FOREIGN KEY (`EmployeeID`) REFERENCES `employees` (`EmployeeID`) ON UPDATE CASCADE,
  CONSTRAINT `konsinasi_ibfk_2` FOREIGN KEY (`SupplierID`) REFERENCES `suppliers` (`SupplierID`) ON UPDATE CASCADE
) ENGINE=InnoDB DEFAULT CHARSET=utf8;

/*Data for the table `konsinasi` */

insert  into `konsinasi`(`KonsinasiID`,`SupplierID`,`EmployeeID`,`KonsinasiDate`,`SubTotal`,`DiskonTransaksi`,`ReturnVelue`,`GrandTotalOrder`,`Tunai`,`No_Nota`) values ('2020-11-17 14:23:32',8,20100002,'2020-11-17 14:23:32',652500,0,256500,652500,396000,'#001'),('2020-11-23 16:25:31',8,20100002,'2020-11-23 16:25:31',210000,0,22200,210000,187800,'#0002'),('2020-11-24 13:46:05',8,20100002,'2020-11-24 13:46:05',144000,0,0,144000,64000,'#0003'),('2020-11-26 12:43:45',9,20070039,'2020-11-26 12:43:45',55000,0,0,55000,0,'1000'),('2020-11-26 17:00:56',10,20070039,'2020-11-26 17:00:56',240000,0,0,240000,0,'#400'),('2020-12-01 11:15:44',8,20070039,'2020-12-01 11:15:44',432500,0,270000,432500,162500,'201130-01'),('2020-12-01 13:12:30',11,20070039,'2020-12-01 13:12:30',100000,0,0,100000,0,'20120102'),('2021-02-16 15:31:28',9,20070039,'2021-02-16 15:31:28',11000,0,0,11000,0,'tambahan');

/*Table structure for table `konsinasi_details` */

DROP TABLE IF EXISTS `konsinasi_details`;

CREATE TABLE `konsinasi_details` (
  `DetailKID` int(10) unsigned NOT NULL auto_increment,
  `KonsinasiID` varchar(20) NOT NULL,
  `ProductID` varchar(20) NOT NULL,
  `OrderPrice` double unsigned default '0',
  `Quantity` double NOT NULL default '0',
  `QtyReturn` double default '0',
  `Discount` float NOT NULL default '0',
  PRIMARY KEY  (`DetailKID`),
  UNIQUE KEY `Uidx_OrderID_ProductID` (`KonsinasiID`,`ProductID`),
  KEY `FK_order_details_productid` (`ProductID`),
  CONSTRAINT `konsinasi_details_ibfk_1` FOREIGN KEY (`KonsinasiID`) REFERENCES `konsinasi` (`KonsinasiID`) ON UPDATE CASCADE
) ENGINE=InnoDB AUTO_INCREMENT=31 DEFAULT CHARSET=utf8;

/*Data for the table `konsinasi_details` */

insert  into `konsinasi_details`(`DetailKID`,`KonsinasiID`,`ProductID`,`OrderPrice`,`Quantity`,`QtyReturn`,`Discount`) values (1,'2020-11-17 14:23:32','1019',6000,10,0,0),(2,'2020-11-17 14:23:32','1020',21000,6,2,0),(3,'2020-11-17 14:23:32','1021',19000,2,1,0),(4,'2020-11-17 14:23:32','1022',17000,2,2,0),(5,'2020-11-17 14:23:32','1024',19000,3,0,0),(6,'2020-11-17 14:23:32','1025',12000,5,0,0),(7,'2020-11-17 14:23:32','1026',5000,5,0,0),(8,'2020-11-17 14:23:32','1027',10000,7,1,0),(9,'2020-11-17 14:23:32','1028',7500,3,1,0),(10,'2020-11-17 14:23:32','1029',16000,10,9,0),(11,'2020-11-23 16:25:31','1030',6,35000,3700,0),(12,'2020-11-24 13:46:05','1029',16000,9,0,0),(13,'2020-11-26 12:43:45','1031',11000,5,0,0),(14,'2020-11-26 17:00:56','1033',12000,20,0,0),(15,'2020-12-01 11:15:44','1026',5000,3,0,0),(16,'2020-12-01 11:15:44','1027',10000,4,3,0),(17,'2020-12-01 11:15:44','1028',7500,7,5,0),(18,'2020-12-01 11:15:44','1025',12000,11,8,0),(19,'2020-12-01 11:15:44','1034',5000,2,0,0),(20,'2020-12-01 11:15:44','1035',3000,12,6,0),(21,'2020-12-01 11:15:44','1036',7500,4,3,0),(22,'2020-12-01 11:15:44','1037',6000,3,3,0),(23,'2020-12-01 11:15:44','1038',12000,3,0,0),(24,'2020-12-01 11:15:44','1039',5000,3,0,0),(25,'2020-12-01 11:15:44','1040',10000,3,3,0),(26,'2020-12-01 11:15:44','1041',10000,1,1,0),(27,'2020-12-01 11:15:44','1042',8000,1,1,0),(28,'2020-12-01 11:15:44','1044',0,1,1,0),(29,'2020-12-01 13:12:30','1045',100000,1,0,0),(30,'2021-02-16 15:31:28','1031',11000,1,0,0);

/*Table structure for table `laba_rugi` */

DROP TABLE IF EXISTS `laba_rugi`;

CREATE TABLE `laba_rugi` (
  `tanggal` varchar(10) NOT NULL,
  `no_perkiraan` varchar(13) NOT NULL,
  `nama_perkiraan` varchar(36) default NULL,
  `Total` double default NULL,
  `Saldo_Awal` double default NULL,
  `Group_Perkiraan` varchar(13) default NULL,
  `SubGroup_Perkiraan` varchar(13) default NULL,
  PRIMARY KEY  (`tanggal`,`no_perkiraan`)
) ENGINE=InnoDB DEFAULT CHARSET=latin1;

/*Data for the table `laba_rugi` */

/*Table structure for table `lapstok` */

DROP TABLE IF EXISTS `lapstok`;

CREATE TABLE `lapstok` (
  `KodeBrg` varchar(20) NOT NULL,
  `Nama_Barang` varchar(40) default NULL,
  `QtyStokAwalBln` double default '0',
  `NilaiStokAwalBln` double default '0',
  `QtyPembelian` double default '0',
  `NilaiPembelian` double default '0',
  `QtyPenjualan` double default '0',
  `NilaiPenjualan` double default '0',
  `QtyStokAkhir` double default '0',
  `HPRata2StokAkhir` double default '0',
  `NilaiStokAkhir` double default '0',
  `QtyDispose` double default '0',
  `NilaiDispose` double default '0',
  PRIMARY KEY  (`KodeBrg`)
) ENGINE=InnoDB DEFAULT CHARSET=latin1;

/*Data for the table `lapstok` */

/*Table structure for table `neraca` */

DROP TABLE IF EXISTS `neraca`;

CREATE TABLE `neraca` (
  `no` int(11) NOT NULL,
  `No_Perkiraan` varchar(13) default NULL,
  `Nama_Perkiraan` varchar(36) default NULL,
  `Debet_Neraca` double default NULL,
  `Kredit_Neraca` double default NULL,
  `No_Perkiraan2` varchar(13) default NULL,
  `Nama_perkiraan2` varchar(36) default NULL,
  `Debet_neraca2` double default NULL,
  `Kredit_neraca2` double default NULL,
  PRIMARY KEY  (`no`)
) ENGINE=InnoDB DEFAULT CHARSET=latin1 AVG_ROW_LENGTH=1 ROW_FORMAT=DYNAMIC COMMENT='InnoDB free: 6144 kB';

/*Data for the table `neraca` */

/*Table structure for table `neraca_komparatif` */

DROP TABLE IF EXISTS `neraca_komparatif`;

CREATE TABLE `neraca_komparatif` (
  `no` int(11) NOT NULL,
  `No_Perkiraan` varchar(13) default NULL,
  `Nama_Perkiraan` varchar(36) default NULL,
  `Debet_Neraca` double default NULL,
  `Kredit_Neraca` double default NULL,
  `Debet_Neraca11` double default NULL,
  `Kredit_Neraca11` double default NULL,
  `No_Perkiraan2` varchar(13) default NULL,
  `Nama_perkiraan2` varchar(36) default NULL,
  `Debet_neraca2` double default NULL,
  `Kredit_neraca2` double default NULL,
  `Debet_Neraca21` double default NULL,
  `Kredit_Neraca21` double default NULL,
  PRIMARY KEY  (`no`)
) ENGINE=InnoDB DEFAULT CHARSET=latin1;

/*Data for the table `neraca_komparatif` */

/*Table structure for table `neraca_lajur` */

DROP TABLE IF EXISTS `neraca_lajur`;

CREATE TABLE `neraca_lajur` (
  `No_Perkiraan` varchar(13) NOT NULL,
  `Nama_Perkiraan` varchar(36) default NULL,
  `Debet_Neraca` double default NULL,
  `Kredit_Neraca` double default NULL,
  PRIMARY KEY  (`No_Perkiraan`)
) ENGINE=InnoDB DEFAULT CHARSET=latin1;

/*Data for the table `neraca_lajur` */

/*Table structure for table `order_details` */

DROP TABLE IF EXISTS `order_details`;

CREATE TABLE `order_details` (
  `DetailID` int(10) unsigned NOT NULL auto_increment,
  `OrderID` varchar(20) NOT NULL,
  `ProductID` varchar(20) NOT NULL,
  `OrderPrice` double unsigned default '0',
  `Quantity` double NOT NULL default '0',
  `Discount` float NOT NULL default '0',
  PRIMARY KEY  (`DetailID`),
  UNIQUE KEY `Uidx_OrderID_ProductID` (`OrderID`,`ProductID`),
  KEY `FK_order_details_productid` (`ProductID`),
  CONSTRAINT `FK_order_details_order` FOREIGN KEY (`OrderID`) REFERENCES `orders` (`OrderID`) ON DELETE NO ACTION ON UPDATE CASCADE
) ENGINE=InnoDB AUTO_INCREMENT=58 DEFAULT CHARSET=utf8;

/*Data for the table `order_details` */

insert  into `order_details`(`DetailID`,`OrderID`,`ProductID`,`OrderPrice`,`Quantity`,`Discount`) values (1,'2020-10-20 14:34:10','1002',11500,50,0),(2,'2020-10-20 14:34:10','1001',21000,20,0),(3,'2020-10-22 17:14:31','1008',17800,12,0),(4,'2020-10-22 17:14:31','1005',56500,5,0),(5,'2020-10-22 17:14:31','1006',51500,10,0),(6,'2020-10-22 17:14:31','1007',52000,10,0),(7,'2020-10-22 17:14:31','1009',0,12,0),(8,'2020-10-22 17:14:31','1003',5517,12,0),(9,'2020-10-22 17:14:31','1004',14300,12,0),(10,'2020-11-13 16:02:08','1005',53965,10,0),(11,'2020-11-13 16:02:08','1006',49667,5,0),(12,'2020-11-13 16:02:08','1007',51100,10,0),(13,'2020-11-13 16:02:08','1003',5150,12,0),(14,'2020-11-13 16:02:08','1004',13659,12,0),(15,'2020-11-13 16:02:08','1010',24038,6,0),(16,'2020-11-13 16:02:08','1011',13993,12,0),(17,'2020-11-13 16:02:08','1012',12114,12,0),(18,'2020-11-13 16:02:08','1014',4585,5,0),(19,'2020-11-13 16:02:08','1015',17718,1,0),(20,'2020-11-13 16:02:08','1016',4871,1,0),(21,'2020-11-13 16:02:08','1017',8596,1,0),(22,'2020-11-13 16:02:08','1018',15473,6,0),(23,'2020-11-13 16:06:18','1013',23750,10,0),(24,'2020-12-10 17:20:09','1010',25667,6,0),(25,'2020-12-10 17:20:09','1003',5750,12,0),(26,'2020-12-10 17:20:09','1048',12500,10,0),(27,'2020-12-10 17:20:09','1049',18150,3,0),(28,'2020-12-10 17:20:09','1005',56500,10,0),(29,'2020-12-10 17:20:09','1007',52500,5,0),(30,'2020-12-10 17:20:09','1006',51500,10,0),(31,'2020-12-10 17:20:09','1050',11450,1,0),(32,'2021-01-19 09:33:02','1051',10950,4,0),(33,'2021-01-19 09:33:02','1052',25400,3,0),(34,'2021-01-19 09:33:02','1053',11200,1,0),(35,'2021-01-19 09:33:02','1054',54000,3,0),(36,'2021-01-19 09:33:02','1055',26967,6,0),(37,'2021-01-19 09:33:02','1007',53500,10,0),(38,'2021-01-19 09:33:02','1005',56500,10,0),(39,'2021-01-19 09:33:02','1006',52000,10,0),(40,'2021-02-25 16:50:07','1052',25667,6,0),(41,'2021-02-25 16:50:07','1056',14100,1,0),(42,'2021-02-25 16:50:07','1048',12500,6,0),(43,'2021-02-25 16:50:07','1004',14300,12,0),(44,'2021-02-25 16:50:07','1008',18875,1,0),(45,'2021-02-25 16:50:07','1057',20400,1,0),(46,'2021-02-25 16:50:07','1006',51250,5,0),(47,'2021-02-25 16:50:07','1018',14400,6,0),(48,'2021-02-25 16:50:07','1007',52500,5,0),(49,'2021-02-25 16:50:07','1058',25583,6,0),(50,'2021-03-18 15:16:23','1052',25700,6,0),(51,'2021-03-18 15:16:23','1059',3900,3,0),(52,'2021-03-18 15:16:23','1005',55250,5,0),(53,'2021-03-18 15:16:23','1060',1500,3,0),(54,'2021-03-18 15:16:23','1061',2800,2,0),(55,'2021-03-18 15:16:23','1006',50750,10,0),(56,'2021-03-18 15:16:23','1054',51900,5,0),(57,'2021-03-18 15:16:23','1007',51400,10,0);

/*Table structure for table `order_details_edit` */

DROP TABLE IF EXISTS `order_details_edit`;

CREATE TABLE `order_details_edit` (
  `DetailID` int(10) unsigned NOT NULL auto_increment,
  `OrderID` varchar(20) NOT NULL,
  `ProductID` varchar(20) NOT NULL,
  `OrderPrice` double default '0',
  `Quantity` smallint(5) unsigned NOT NULL default '1',
  `Discount` float unsigned NOT NULL default '0',
  PRIMARY KEY  (`DetailID`),
  UNIQUE KEY `Uidx_OrderID_ProductID` (`OrderID`,`ProductID`),
  KEY `FK_order_details_productid_edit` (`ProductID`),
  CONSTRAINT `FK_order_details_order_edit` FOREIGN KEY (`OrderID`) REFERENCES `orders_edit` (`OrderID`) ON DELETE NO ACTION ON UPDATE CASCADE
) ENGINE=InnoDB DEFAULT CHARSET=utf8;

/*Data for the table `order_details_edit` */

/*Table structure for table `orders` */

DROP TABLE IF EXISTS `orders`;

CREATE TABLE `orders` (
  `OrderID` varchar(20) NOT NULL,
  `SupplierID` int(10) unsigned NOT NULL,
  `EmployeeID` int(10) unsigned NOT NULL,
  `OrderDate` datetime NOT NULL,
  `SubTotal` double default '0',
  `DiskonTransaksi` double default '0',
  `GrandTotalOrder` double default '0',
  `Tunai` double default '0',
  `JmlAngsuran` int(10) default '0',
  `No_Nota` varchar(20) default NULL,
  PRIMARY KEY  (`OrderID`),
  KEY `FK_orders_employeeid` (`EmployeeID`),
  KEY `FK_orders_customer_id` (`SupplierID`),
  CONSTRAINT `orders_ibfk_1` FOREIGN KEY (`EmployeeID`) REFERENCES `employees` (`EmployeeID`) ON UPDATE CASCADE,
  CONSTRAINT `orders_ibfk_2` FOREIGN KEY (`SupplierID`) REFERENCES `suppliers` (`SupplierID`) ON UPDATE CASCADE
) ENGINE=InnoDB DEFAULT CHARSET=utf8;

/*Data for the table `orders` */

insert  into `orders`(`OrderID`,`SupplierID`,`EmployeeID`,`OrderDate`,`SubTotal`,`DiskonTransaksi`,`GrandTotalOrder`,`Tunai`,`JmlAngsuran`,`No_Nota`) values ('2020-10-20 14:34:10',4,20100002,'2020-10-20 14:34:10',995000,0,995000,995000,1,'O0001'),('2020-10-22 17:14:31',6,20100002,'2020-10-22 17:14:31',1768904,0.85,1753868.32,1753868.32,0,'#033749'),('2020-11-13 16:02:08',6,20100002,'2020-11-13 16:02:08',2129153,0,2129153,2129153,0,'#42.00004'),('2020-11-13 16:06:18',7,20100002,'2020-11-13 16:06:18',237500,0,237500,237500,0,'#001'),('2020-12-10 17:20:09',6,20070039,'2020-12-10 17:20:09',1756402,0,1756402,0,1,'130001'),('2021-01-19 09:33:02',6,20070039,'2021-01-19 09:33:02',2075002,0,2075002,0,1,'42.00006'),('2021-02-25 16:50:07',6,20070039,'2021-02-25 16:50:07',1212625,0,1212625,0,1,'20210223'),('2021-03-18 15:16:23',6,20070039,'2021-03-18 15:16:23',1733250,0,1733250,0,1,'2021030901');

/*Table structure for table `orders_edit` */

DROP TABLE IF EXISTS `orders_edit`;

CREATE TABLE `orders_edit` (
  `OrderID` varchar(20) NOT NULL,
  `SupplierID` int(10) NOT NULL,
  `EmployeeID` int(10) unsigned NOT NULL,
  `OrderDate` datetime NOT NULL,
  `SubTotal` double default '0',
  `DiskonTransaksi` double default '0',
  `GrandTotalOrder` double default '0',
  `Tunai` double default '0',
  `JmlAngsuran` int(10) default '0',
  `No_Nota` varchar(20) default NULL,
  PRIMARY KEY  (`OrderID`),
  KEY `FK_orders_employeeid` (`EmployeeID`),
  KEY `FK_orders_customer_id` (`SupplierID`)
) ENGINE=InnoDB DEFAULT CHARSET=utf8;

/*Data for the table `orders_edit` */

/*Table structure for table `potongan` */

DROP TABLE IF EXISTS `potongan`;

CREATE TABLE `potongan` (
  `PotonganID` varchar(25) NOT NULL,
  `CustomerID` varchar(20) NOT NULL,
  `Potongan_Date` date default NULL,
  `Nominal` double NOT NULL default '0',
  PRIMARY KEY  (`PotonganID`,`CustomerID`,`Nominal`)
) ENGINE=InnoDB DEFAULT CHARSET=latin1;

/*Data for the table `potongan` */

insert  into `potongan`(`PotonganID`,`CustomerID`,`Potongan_Date`,`Nominal`) values ('20201112-A12000004 L','A12000004','2020-11-12',110500),('20201112-A12000005 L','A12000005','2020-11-12',104000),('20201119-A12000061 L','A12000061','2020-11-19',97000),('20201201-A12000001 L','A12000001','2020-12-01',21000),('20201201-A12000001 L','A12000001','2020-12-01',31000),('20201201-A12000001 L','A12000001','2020-12-01',46334),('20201201-A12000001 L','A12000001','2020-12-01',77500),('20201201-A12000001 L','A12000001','2020-12-01',190622),('20201201-A12000003 L','A12000003','2020-12-01',21000),('20201201-A12000003 L','A12000003','2020-12-01',32500),('20201201-A12000009 L','A12000009','2020-12-01',32000),('20201201-A12000010 L','A12000010','2020-12-01',76500),('20201201-A12000013 L','A12000013','2020-12-01',258500),('20201201-A12000021 L','A12000021','2020-12-01',95000),('20201201-A12000023 L','A12000023','2020-12-01',108000),('20201201-A12000044 L','A12000044','2020-12-01',8000),('20201201-A12000065 L','A12000065','2020-12-01',16000),('20201203-A12000001 L','A12000001','2020-12-03',13800),('20201203-A12000001 L','A12000001','2020-12-03',21000),('20201203-A12000001 L','A12000001','2020-12-03',23750),('20201203-A12000001 L','A12000001','2020-12-03',33809),('20201203-A12000003 L','A12000003','2020-12-03',5000),('20201203-A12000003 L','A12000003','2020-12-03',8400),('20201203-A12000003 L','A12000003','2020-12-03',12000),('20201203-A12000003 L','A12000003','2020-12-03',20000),('20201203-A12000003 L','A12000003','2020-12-03',21000),('20201203-A12000003 L','A12000003','2020-12-03',23000),('20201203-A12000004 L','A12000004','2020-12-03',36000),('20201203-A12000004 L','A12000004','2020-12-03',109793),('20201203-A12000004 L','A12000004','2020-12-03',245029),('20201203-A12000023 L','A12000023','2020-12-03',12000),('20201203-A12000032 L','A12000032','2020-12-03',16500),('20201203-A12000032 L','A12000032','2020-12-03',21000),('20201203-A12000032 L','A12000032','2020-12-03',23500),('20201203-A12000032 L','A12000032','2020-12-03',27000),('20201203-A12000032 L','A12000032','2020-12-03',89503),('20201203-A12000040 L','A12000040','2020-12-03',110000),('20201203-A12000053 L','A12000053','2020-12-03',352500),('20201203-A12000061 L','A12000061','2020-12-03',21000),('20201203-A12000061 L','A12000061','2020-12-03',91100),('20201203-A12000063 L','A12000063','2020-12-03',54000),('20201203-A12000074 L','A12000074','2020-12-03',120000),('20201203-A12000074 L','A12000074','2020-12-03',180000),('20210216-A12000001 L','A12000001','2021-02-16',9000),('20210216-A12000001 L','A12000001','2021-02-16',113000),('20210216-A12000003 L','A12000003','2021-02-16',11450),('20210216-A12000003 L','A12000003','2021-02-16',12000),('20210216-A12000003 L','A12000003','2021-02-16',107000),('20210216-A12000004 L','A12000004','2021-02-16',206100),('20210216-A12000009 L','A12000009','2021-02-16',73000),('20210216-A12000032 L','A12000032','2021-02-16',6000),('20210216-A12000032 L','A12000032','2021-02-16',11500),('20210216-A12000032 L','A12000032','2021-02-16',25000),('20210216-A12000032 L','A12000032','2021-02-16',51500),('20210216-A12000032 L','A12000032','2021-02-16',78167),('20210216-A12000032 L','A12000032','2021-02-16',151082),('20210216-A12000053 L','A12000053','2021-02-16',13000),('20210216-A12000053 L','A12000053','2021-02-16',46500),('20210216-A12000053 L','A12000053','2021-02-16',125000),('20210216-A12000053 L','A12000053','2021-02-16',137500),('20210216-A12000061 L','A12000061','2021-02-16',18150),('20210216-A12000071 L','A12000071','2021-02-16',56000),('20210216-A12000074 L','A12000074','2021-02-16',206000),('20210216-A12000074 L','A12000074','2021-02-16',217500),('20210216-A12000079 L','A12000079','2021-02-16',114000),('20210216-A12000079 L','A12000079','2021-02-16',389000),('20210217-A12000001 L','A12000001','2021-02-17',113000),('20210304-A12000004 L','A12000004','2021-03-04',169500),('20210304-A12000010 L','A12000010','2021-03-04',70000),('20210304-A12000013 L','A12000013','2021-03-04',30000),('20210304-A12000013 L','A12000013','2021-03-04',35000),('20210304-A12000013 L','A12000013','2021-03-04',45000),('20210304-A12000032 L','A12000032','2021-03-04',52000),('20210304-A12000061 L','A12000061','2021-03-04',92434),('20210304-A12000074 L','A12000074','2021-03-04',196500),('20210304-A12000079 L','A12000079','2021-03-04',390500);

/*Table structure for table `potongan_edit` */

DROP TABLE IF EXISTS `potongan_edit`;

CREATE TABLE `potongan_edit` (
  `PotonganID` varchar(25) NOT NULL,
  `CustomerID` varchar(20) character set utf8 collate utf8_unicode_ci NOT NULL,
  `Potongan_Date` date default NULL,
  `Nominal` double NOT NULL default '0',
  PRIMARY KEY  (`PotonganID`,`CustomerID`,`Nominal`),
  KEY `FK_potongan` (`CustomerID`)
) ENGINE=InnoDB DEFAULT CHARSET=latin1;

/*Data for the table `potongan_edit` */

/*Table structure for table `products` */

DROP TABLE IF EXISTS `products`;

CREATE TABLE `products` (
  `ProductID` varchar(20) NOT NULL,
  `ProductName` varchar(20) character set utf8 collate utf8_unicode_ci NOT NULL default '',
  `RemarkProduct` varchar(50) default '',
  `SupplierID` int(10) unsigned default NULL,
  `CategoryID` tinyint(5) unsigned NOT NULL,
  `QuantityPerUnit` varchar(20) character set utf8 collate utf8_unicode_ci NOT NULL default '',
  `SalePrice` double NOT NULL default '0',
  `UnitPrice` double NOT NULL default '0',
  `Discon` double default '0',
  `UnitsInStock` double unsigned NOT NULL default '0',
  `UnitsOnDisplay` double unsigned NOT NULL default '0',
  `MinStock` int(5) default '0',
  `ReorderLevel` int(5) unsigned NOT NULL default '0',
  `ExpiredDate` date default '1999-01-01',
  `Discontinued` enum('y','n') character set utf8 collate utf8_unicode_ci NOT NULL default 'n',
  `SatuanTerkecil` enum('y','n') NOT NULL default 'n',
  PRIMARY KEY  (`ProductID`),
  KEY `FK_products_categoryid` (`CategoryID`),
  KEY `FK_products_supplierid` (`SupplierID`),
  KEY `idx_products_product_name` (`ProductName`),
  CONSTRAINT `FK_products_categoryid` FOREIGN KEY (`CategoryID`) REFERENCES `categories` (`CategoryID`) ON UPDATE CASCADE,
  CONSTRAINT `FK_products_supplierid` FOREIGN KEY (`SupplierID`) REFERENCES `suppliers` (`SupplierID`) ON UPDATE CASCADE
) ENGINE=InnoDB DEFAULT CHARSET=utf8;

/*Data for the table `products` */

insert  into `products`(`ProductID`,`ProductName`,`RemarkProduct`,`SupplierID`,`CategoryID`,`QuantityPerUnit`,`SalePrice`,`UnitPrice`,`Discon`,`UnitsInStock`,`UnitsOnDisplay`,`MinStock`,`ReorderLevel`,`ExpiredDate`,`Discontinued`,`SatuanTerkecil`) values ('1001','Telor Coklat','',4,17,'KG',22500,21000,0,12,0,5,0,'1999-01-01','n','y'),('1002','Gula Krebet','Gula Karung Krebet',4,17,'KG',12000,11500,0,8,0,5,0,'1999-01-01','n','y'),('1003','Pepsoden White 120g','Pasta Gigi',6,21,'PCS',6500,5750,0,11,0,0,0,'1999-01-01','n','y'),('1004','Sunlight JN R 755','Sunlight Jeruk Nipis Refill 755',6,21,'PCS',15000,14300,0,12,0,0,0,'1999-01-01','n','y'),('1005','Beras Lahap Lele 5','Beras Lahap Lele 5Kg',6,17,'Sak',60000,55250,0,2,0,5,0,'1999-01-01','n','y'),('1006','Beras Lahap Premi 5','Beras Lahap Premi 5Kg',6,17,'Sak',56000,50750,0,5,0,0,0,'1999-01-01','n','y'),('1007','Beras Mentari 5Kg','Beras Mentari 5Kg',6,17,'Sak',56500,51400,0,13,0,0,0,'1999-01-01','n','y'),('1008','Rinso Anti Noda 770 ','Rinso Anti Noda 770 Bubuk',6,21,'PCS',20500,18875,0,6,0,5,0,'1999-01-01','n','y'),('1009','Rinso Anti Noda 44g','Rinso Anti Noda 44g Saset',6,21,'PCS',1000,0,0,6,0,5,0,'1999-01-01','n','y'),('1010','Myk Grng Bimoli 2L','Minyak Goreng Bimoli 2L Refill',6,12,'PCS',28500,25667,0,1,0,0,0,'1999-01-01','n','y'),('1011','WIPOL Lemon 780','WIPOL Lemon Karbol Refil 780ml',6,21,'PCS',15000,13993,0,9,0,0,0,'1999-01-01','n','y'),('1012','VIXAL Blue 500ml','Vixal Porselin Blue 500ml Botol ',6,21,'BTL',13500,12114,0,11,0,0,0,'1999-01-01','n','y'),('1013','Shinzui Sabun 500ml','Shinzui Sabun Mandi 500ml',7,21,'BTL',30000,23750,0,8,0,2,0,'1999-01-01','n','y'),('1014','Safari Meses wrn100g','Sarafi Meses Warna 100g',6,13,'SCT',5000,4585,0,0,0,2,0,'1999-01-01','n','y'),('1015','SSCB Belibis 340ml','Saus Sambal Cabe Belibis 340ml',6,12,'BTL',20000,17718,0,0,0,2,0,'1999-01-01','n','y'),('1016','Sasa tpg bumbu kc225','Sasa Tepung Bumbu Kentucky 225',6,12,'PCS',5500,4871,0,0,0,1,0,'1999-01-01','n','y'),('1017','Kraft KJ Cedar 75','Kraft Keju Cedar 75',6,12,'PCS',9500,8596,0,0,0,0,0,'1999-01-01','n','y'),('1018','So Klin Cair VioR800','So Klin Cair Violet Refill 800',6,21,'PCS',17000,14400,0,7,0,0,0,'1999-01-01','n','y'),('1019','Pisang Tanduk','Pisang Tanduk',8,32,'PCS',9000,6000,0,0,0,1,0,'1999-01-01','n','y'),('1020','Pisang Ambon Besar','Pisang Ambon Besar',8,32,'Sisir',25000,21000,0,0,0,1,0,'1999-01-01','n','y'),('1021','Pisang Ambon Sedang','Pisang Ambon Sedang',8,32,'Sisir',22000,19000,0,0,0,1,0,'1999-01-01','n','y'),('1022','Pisang Ambon Kecil','Pisang Ambon Kecil',8,32,'Sisir',20000,17000,0,0,0,1,0,'1999-01-01','n','y'),('1023','Pisang Tanduk','Pisang Tanduk',8,32,'PCS',9000,6000,0,0,0,0,0,'1999-01-01','y','y'),('1024','Pisang Susu Besar','Pisang Susu Besar',8,32,'Sisir',22000,19000,0,0,0,1,0,'1999-01-01','n','y'),('1025','Pisang Susu Sedang','Pisang Susu Sedang',8,32,'Sisir',15000,12000,0,0,0,1,0,'1999-01-01','n','y'),('1026','Pisang Mas','Pisang Mas',8,32,'Sisir',7500,5000,0,0,0,1,0,'1999-01-01','n','y'),('1027','Pisang Ijo Besar','Pisang Ijo Besar',8,32,'Sisir',12000,10000,0,0,0,1,0,'1999-01-01','n','y'),('1028','Pisang Ijo Sedang','Pisang Ijo Sedang',8,32,'Sisir',10000,7500,0,0,0,1,0,'1999-01-01','n','y'),('1029','Kopi Roubusta','Kopi Roubusta',8,12,'PCS',18000,16000,0,5,0,1,0,'1999-01-01','n','y'),('1030','Salak Pondo','Salak Pondo',8,32,'GRM',8,6,0,0,0,2,0,'1999-01-01','n','y'),('1031','Hand Sanitizer50ml','Hand Sanitizer 50ml',9,21,'BTL',13000,11000,0,0,0,1,0,'1999-01-01','n','y'),('1032','Hand Sanitizer 10ml','Hand Sanitizer 10ml',9,21,'BTL',8000,6000,0,0,0,1,0,'1999-01-01','n','y'),('1033','Jahe Merah Aslama','',10,1,'Renteng',15000,12000,0,0,0,0,0,'1999-01-01','n','n'),('1034','Pisang Tanduk 8K','Pisang Tanduk',8,32,'Sisir',8000,5000,0,0,0,0,0,'1999-01-01','n','y'),('1035','Pisang Tanduk 6K','',8,32,'Sisir',6000,3000,0,0,0,0,0,'1999-01-01','n','y'),('1036','Pisang Candi 10K','Pisang  Candi',8,32,'Sisir',10000,7500,0,0,0,0,0,'1999-01-01','n','y'),('1037','Pisang Susu 10K','Pisang Susu 10K',8,32,'Sisir',10000,6000,0,0,0,0,0,'1999-01-01','n','y'),('1038','Pisang Susu 15K (2)','Pisang Susu 2 Sisir',8,32,'Sisir',15000,12000,0,0,0,0,0,'1999-01-01','n','y'),('1039','Pisang Mas 8.5K','Pisang Mas 8.5K',8,32,'Sisir',8500,5000,0,0,0,0,0,'1999-01-01','n','y'),('1040','Pisang Candi 13K','Pisang Candi 13K',8,32,'Sisir',13000,10000,0,0,0,0,0,'1999-01-01','n','y'),('1041','Pisang Candi 17K','Pisang Candi 17K',8,32,'Sisir',17000,10000,0,0,0,0,0,'1999-01-01','n','y'),('1042','Pisang Mas 11K','Pisang Mas 11K',8,32,'Sisir',11000,8000,0,0,0,0,0,'1999-01-01','n','y'),('1044','Pisang Ijo Kecil 7K','Pisang Ijo Kecil ',8,32,'Sisir',7000,0,0,0,0,0,0,'1999-01-01','n','y'),('1045','Polo Black Shirt','Polo Black Shirt (Machung Merch)',11,33,'Pcs',110000,100000,0,0,0,0,0,'1999-01-01','n','n'),('1048','Gulaku 1Kg','Gulaku',6,17,'Kg',13000,12500,0,5,0,0,0,'1999-01-01','n','n'),('1049','Saus Cabe 2Belibis ','Saus Cabe',6,2,'Botol',20000,18150,0,1,0,0,0,'1999-01-01','n','n'),('1050','Sambel Bawang','Sambel Bawang',6,2,'Botol',12500,11450,0,0,0,0,0,'1999-01-01','n','n'),('1051','Energen Choco 10x29g','Energen Choco Renceng',6,31,'Renceng',12500,10950,0,0,0,0,0,'1999-01-01','n','n'),('1052','Filma 2lt','Minyak Goreng Filma 2lt',6,17,'Pcs',28500,25700,0,7,0,0,0,'1999-01-01','n','n'),('1053','Bango Kecap 220','Bango Kecap Manis',6,2,'Pcs',12000,11200,0,0,0,0,0,'1999-01-01','n','n'),('1054','Beras Sania 5kg','Beras Sania 5kg',6,17,'Pcs',55000,51900,0,0,0,0,0,'1999-01-01','n','n'),('1055','Rosebrand Minyak 2lt','Rosebrand Minyak Goreng',6,17,'Pcs',27500,26967,0,0,0,0,0,'1999-01-01','n','n'),('1056','Coklat Silverqueen','',6,31,'pcs',14500,14100,0,0,0,1,0,'1999-01-01','n','n'),('1057','Pringles Original','',6,31,'pcs',20500,20400,0,0,0,0,0,'1999-01-01','n','n'),('1058','Minyak Goreng Frais','',6,17,'Pcs',27000,25583,0,0,0,0,0,'1999-01-01','n','n'),('1059','Kantong Plastik HTM','',6,9,'PCS',4200,3900,0,0,0,0,0,'1999-01-01','n','n'),('1060','Tictas Kanton 10x17','',6,9,'pcs',2000,1500,0,0,0,0,0,'1999-01-01','n','n'),('1061','Tictas Kanton 12x24','',6,9,'pcs',3000,2800,0,0,0,0,0,'1999-01-01','n','n');

/*Table structure for table `return_products` */

DROP TABLE IF EXISTS `return_products`;

CREATE TABLE `return_products` (
  `ProductID` varchar(20) NOT NULL,
  `ProductName` varchar(40) character set utf8 collate utf8_unicode_ci NOT NULL default '',
  `SupplierID` int(10) unsigned NOT NULL,
  `CategoryID` tinyint(5) unsigned NOT NULL,
  `QuantityPerUnit` varchar(20) character set utf8 collate utf8_unicode_ci NOT NULL default '',
  `SalesPrice` double default '0',
  `UnitPrice` double NOT NULL default '0',
  `UnitsInStock` smallint(5) unsigned NOT NULL default '0',
  `ReorderLevel` smallint(5) unsigned NOT NULL default '0',
  `EmployeeID` int(10) unsigned NOT NULL,
  `Return_Date` datetime NOT NULL,
  PRIMARY KEY  (`ProductID`),
  KEY `FK_products_categoryid` (`CategoryID`),
  KEY `FK_products_supplierid` (`SupplierID`),
  KEY `idx_products_product_name` (`ProductName`),
  KEY `FK_return_products_employees` (`EmployeeID`),
  CONSTRAINT `FK_return_products_Categories` FOREIGN KEY (`CategoryID`) REFERENCES `categories` (`CategoryID`) ON UPDATE CASCADE,
  CONSTRAINT `FK_return_products_employees` FOREIGN KEY (`EmployeeID`) REFERENCES `employees` (`EmployeeID`) ON UPDATE CASCADE,
  CONSTRAINT `FK_return_products_suppliers` FOREIGN KEY (`SupplierID`) REFERENCES `suppliers` (`SupplierID`) ON UPDATE CASCADE
) ENGINE=InnoDB DEFAULT CHARSET=utf8;

/*Data for the table `return_products` */

/*Table structure for table `sales` */

DROP TABLE IF EXISTS `sales`;

CREATE TABLE `sales` (
  `SalesID` datetime NOT NULL,
  `CustomerID` varchar(20) character set utf8 collate utf8_unicode_ci NOT NULL default '',
  `EmployeeID` int(10) unsigned NOT NULL,
  `SaleDate` datetime NOT NULL,
  `SubTotal` double default '0',
  `DiskonTransaksi` double default '0',
  `GrandTotalSale` double default '0',
  `Tunai` double default '0',
  `JmlAngsuran` int(10) default '0',
  `Potongan_Piutang` double default '0',
  `Angsuran` int(11) default '0',
  `Pemohon` varchar(30) default '',
  PRIMARY KEY  (`SalesID`),
  KEY `FK_orders_employeeid` (`EmployeeID`),
  KEY `FK_orders_customer_id` (`CustomerID`),
  CONSTRAINT `FK_orders_customer_id` FOREIGN KEY (`CustomerID`) REFERENCES `customers` (`CustomerID`),
  CONSTRAINT `FK_orders_employeeid` FOREIGN KEY (`EmployeeID`) REFERENCES `employees` (`EmployeeID`)
) ENGINE=InnoDB DEFAULT CHARSET=utf8;

/*Data for the table `sales` */

insert  into `sales`(`SalesID`,`CustomerID`,`EmployeeID`,`SaleDate`,`SubTotal`,`DiskonTransaksi`,`GrandTotalSale`,`Tunai`,`JmlAngsuran`,`Potongan_Piutang`,`Angsuran`,`Pemohon`) values ('2020-10-22 17:16:47','A12000001',20100002,'2020-10-22 17:16:47',21000,0,21000,0,1,21000,1,''),('2020-10-22 17:18:10','A12000032',20100002,'2020-10-22 17:18:10',21000,0,21000,0,1,21000,1,''),('2020-10-22 17:19:14','A12000003',20100002,'2020-10-22 17:19:14',21000,0,21000,0,1,21000,1,''),('2020-10-22 17:20:54','A12000005',20100002,'2020-10-22 17:20:54',104000,0,104000,0,1,104000,1,''),('2020-10-22 17:21:49','A12000004',20100002,'2020-10-22 17:21:49',110500,0,110500,0,1,110500,1,''),('2020-11-04 11:57:43','A12000001',20070039,'2020-11-04 11:57:43',46334,0,46334,0,1,46334,1,''),('2020-11-04 12:16:20','A12000003',20070039,'2020-11-04 12:16:20',21000,0,21000,0,1,21000,1,''),('2020-11-04 12:24:28','A12000061',20070039,'2020-11-04 12:24:28',91100,0,91100,0,1,91100,1,''),('2020-11-04 12:28:11','A12000001',20070039,'2020-11-04 12:28:11',77500,0,77500,0,1,77500,1,''),('2020-11-04 12:35:44','A12000071',20070039,'2020-11-04 12:35:44',74000,0,74000,0,1,0,0,''),('2020-11-10 11:33:15','A12000013',20100002,'2020-11-10 11:33:15',258500,0,258500,0,1,258500,1,''),('2020-11-10 11:37:03','A12000021',20100002,'2020-11-10 11:37:03',185000,0,185000,185000,0,0,0,''),('2020-11-10 12:46:35','A12000023',20100002,'2020-11-10 12:46:35',108000,0,108000,0,1,108000,1,''),('2020-11-10 13:13:11','A12000005',20100002,'2020-11-10 13:13:11',52000,0,52000,55000,0,0,0,''),('2020-11-10 13:19:22','A12000004',20100002,'2020-11-10 13:19:22',127300,0,127300,127300,0,0,0,''),('2020-11-12 15:23:57','A12000003',20100002,'2020-11-12 15:23:57',32500,0,32500,0,1,32500,1,''),('2020-11-12 15:29:54','A12000074',20100002,'2020-11-12 15:29:54',120000,0,120000,0,1,120000,1,''),('2020-11-12 15:43:03','A12000005',20100002,'2020-11-12 15:43:03',63000,0,63000,63000,0,0,0,''),('2020-11-12 15:46:32','A12000012',20100002,'2020-11-12 15:46:32',167000,0,167000,167000,0,0,0,''),('2020-11-18 12:05:13','A12000020',20070039,'2020-11-18 12:05:13',134000,0,134000,134000,0,0,0,''),('2020-11-19 11:11:12','A12000023',20070039,'2020-11-19 11:11:12',12000,0,12000,0,1,12000,1,''),('2020-11-19 11:15:28','A12000049',20070039,'2020-11-19 11:15:28',43500,0,43500,43500,0,0,0,''),('2020-11-19 11:42:46','A12000004',20070039,'2020-11-19 11:42:46',109793,0,109793,0,1,109793,1,''),('2020-11-19 11:50:58','A12000001',20070039,'2020-11-19 11:50:58',190622,0,190622,0,1,190622,1,''),('2020-11-19 12:08:16','A12000010',20070039,'2020-11-19 12:08:16',76500,0,76500,0,1,76500,1,''),('2020-11-19 12:10:45','A12000063',20070039,'2020-11-19 12:10:45',36000,0,36000,36000,0,0,0,''),('2020-11-19 12:13:36','A12000043',20070039,'2020-11-19 12:13:36',36000,0,36000,36000,0,0,0,''),('2020-11-19 12:16:03','A12000001',20070039,'2020-11-19 12:16:03',31000,0,31000,0,1,31000,1,''),('2020-11-19 12:30:43','A12000032',20070039,'2020-11-19 12:30:43',27000,0,27000,0,1,27000,1,''),('2020-11-19 12:33:33','A12000044',20070039,'2020-11-19 12:33:33',34000,0,34000,34000,0,0,0,''),('2020-11-19 12:35:06','A12000065',20070039,'2020-11-19 12:35:06',22000,0,22000,22000,0,0,0,''),('2020-11-19 15:02:33','A12000014',20070039,'2020-11-19 15:02:33',30000,0,30000,30000,0,0,0,''),('2020-11-19 15:08:09','A12000037',20070039,'2020-11-19 15:08:09',15000,0,15000,15000,0,0,0,''),('2020-11-19 15:53:59','A12000001',20070039,'2020-11-19 15:53:59',0,0,0,34500,0,0,0,''),('2020-11-19 16:00:14','A12000061',20070039,'2020-11-19 16:00:14',97000,0,97000,0,1,97000,1,''),('2020-11-19 16:27:04','A12000063',20070039,'2020-11-19 16:27:04',30000,0,30000,30000,0,0,0,''),('2020-11-19 16:29:54','A12000073',20070039,'2020-11-19 16:29:54',27000,0,27000,27000,0,0,0,''),('2020-11-19 16:33:04','A12000054',20070039,'2020-11-19 16:33:04',12000,0,12000,12000,0,0,0,''),('2020-11-19 16:38:45','A12000003',20070039,'2020-11-19 16:38:45',20000,0,20000,0,1,20000,1,''),('2020-11-19 16:48:28','A12000001',20070039,'2020-11-19 16:48:28',21000,0,21000,0,1,21000,1,''),('2020-11-20 13:06:54','A12000005',20100047,'2020-11-20 13:06:54',102200,0,102200,102200,0,0,0,''),('2020-11-23 16:04:46','A12000061',20100002,'2020-11-23 16:04:46',21000,0,21000,0,1,21000,1,''),('2020-11-25 12:24:49','A12000049',20070039,'2020-11-25 12:24:49',16000,0,16000,16000,0,0,0,''),('2020-11-25 12:32:45','A12000005',20070039,'2020-11-25 12:32:45',49667,0,49667,49667,0,0,0,''),('2020-11-26 11:39:15','A12000051',20070039,'2020-11-26 11:39:15',29000,0,29000,29000,0,0,0,''),('2020-11-26 11:58:21','A12000010',20070039,'2020-11-26 11:58:21',68500,0,68500,68500,0,0,0,''),('2020-11-26 12:12:21','A12000001',20070039,'2020-11-26 12:12:21',23750,0,23750,0,1,23750,1,''),('2020-11-26 12:14:17','A12000004',20070039,'2020-11-26 12:14:17',36000,0,36000,0,1,36000,1,''),('2020-11-26 12:15:04','A12000009',20070039,'2020-11-26 12:15:04',32000,0,32000,0,1,32000,1,''),('2020-11-26 12:16:15','A12000044',20070039,'2020-11-26 12:16:15',8000,0,8000,0,1,8000,1,''),('2020-11-26 12:17:08','A12000065',20070039,'2020-11-26 12:17:08',16000,0,16000,0,1,16000,1,''),('2020-11-26 12:45:37','A12000053',20070039,'2020-11-26 12:45:37',352500,0,352500,0,1,352500,1,''),('2020-11-26 16:08:05','A12000080',20070039,'2020-11-26 16:08:05',28800,0,28800,28800,0,0,0,''),('2020-11-26 16:09:56','A12000003',20070039,'2020-11-26 16:09:56',8400,0,8400,0,1,8400,1,''),('2020-11-26 16:12:11','A12000001',20070039,'2020-11-26 16:12:11',13800,0,13800,0,1,13800,1,''),('2020-11-26 17:03:20','A12000003',20070039,'2020-11-26 17:03:20',12000,0,12000,0,1,12000,1,''),('2020-11-27 11:42:33','A12000032',20100047,'2020-11-27 11:42:33',23500,0,23500,0,1,23500,1,''),('2020-12-01 10:46:29','A12000021',20070039,'2020-12-01 10:46:29',95000,0,95000,0,1,95000,1,''),('2020-12-01 10:49:13','A12000004',20070039,'2020-12-01 10:49:13',245029,0,245029,0,1,245029,1,''),('2020-12-01 11:26:34','A12000031',20070039,'2020-12-01 11:26:34',15000,0,15000,15000,0,0,0,''),('2020-12-01 11:31:08','A12000031',20070039,'2020-12-01 11:31:08',13000,0,13000,13000,0,0,0,''),('2020-12-01 11:44:27','A12000001',20070039,'2020-12-01 11:44:27',33809,0,33809,0,1,33809,1,''),('2020-12-01 11:46:03','A12000032',20070039,'2020-12-01 11:46:03',89503,0,89503,0,1,89503,1,''),('2020-12-01 11:47:57','A12000012',20070039,'2020-12-01 11:47:57',219000,0,219000,219000,0,0,0,''),('2020-12-01 12:02:06','A12000029',20070039,'2020-12-01 12:02:06',56000,0,56000,102000,0,0,0,''),('2020-12-01 13:15:04','A12000040',20070039,'2020-12-01 13:15:04',110000,0,110000,0,1,110000,1,''),('2020-12-02 11:55:41','A12000005',20070039,'2020-12-02 11:55:41',85600,0,85600,85600,0,0,0,''),('2020-12-02 12:14:14','A12000010',20070039,'2020-12-02 12:14:14',12000,0,12000,12000,0,0,0,''),('2020-12-02 12:37:06','A12000005',20070039,'2020-12-02 12:37:06',13000,0,13000,13000,0,0,0,''),('2020-12-02 12:55:31','A12000003',20070039,'2020-12-02 12:55:31',5000,0,5000,0,1,5000,1,''),('2020-12-03 11:47:00','A12000032',20070039,'2020-12-03 11:47:00',16500,0,16500,0,1,16500,1,''),('2020-12-03 11:49:52','A12000005',20070039,'2020-12-03 11:49:52',102200,0,102200,102200,0,0,0,''),('2020-12-03 11:50:50','A12000003',20070039,'2020-12-03 11:50:50',23000,0,23000,0,1,23000,1,''),('2020-12-03 12:49:08','A12000074',20070039,'2020-12-03 12:49:08',180000,0,180000,0,1,180000,1,''),('2020-12-03 12:57:36','A12000063',20070039,'2020-12-03 12:57:36',54000,0,54000,0,1,54000,1,''),('2020-12-04 12:02:27','A12000001',20100047,'2020-12-04 12:02:27',9000,0,9000,0,1,9000,1,''),('2020-12-04 12:10:10','A12000020',20100047,'2020-12-04 12:10:10',82500,0,82500,82500,0,0,0,''),('2020-12-04 15:08:10','A12000032',20100047,'2020-12-04 15:08:10',11500,0,11500,0,1,11500,1,''),('2020-12-08 11:51:13','A12000056',20100002,'2020-12-08 11:51:13',18000,0,18000,18000,0,0,0,''),('2020-12-08 11:57:53','1',20100002,'2020-12-08 11:57:53',25000,0,25000,25000,0,0,0,''),('2020-12-08 12:02:22','1',20100002,'2020-12-08 12:02:22',20000,0,20000,20000,0,0,0,''),('2020-12-08 12:05:54','1',20100002,'2020-12-08 12:05:54',42000,0,42000,0,1,0,0,''),('2020-12-10 11:56:55','A12000078',20070039,'2020-12-10 11:56:55',15000,0,15000,15000,0,0,0,''),('2020-12-10 11:58:31','1',20070039,'2020-12-10 11:58:31',15000,0,15000,15000,0,0,0,''),('2020-12-10 12:00:56','1',20070039,'2020-12-10 12:00:56',30000,0,30000,30000,0,0,0,''),('2020-12-10 12:03:00','A12000032',20070039,'2020-12-10 12:03:00',6000,0,6000,0,1,6000,1,''),('2020-12-10 17:09:09','1',20070039,'2020-12-10 17:09:09',45000,0,45000,45000,0,0,0,''),('2020-12-10 17:21:07','A12000079',20070039,'2020-12-10 17:21:07',114000,0,114000,0,1,114000,1,''),('2020-12-10 17:23:32','A12000061',20070039,'2020-12-10 17:23:32',18150,0,18150,0,1,18150,1,''),('2020-12-10 17:23:55','A12000005',20070039,'2020-12-10 17:23:55',52500,0,52500,52500,0,0,0,''),('2020-12-11 11:58:18','A12000020',20100047,'2020-12-11 11:58:18',112000,0,112000,112000,0,0,0,''),('2020-12-14 13:02:18','A12000003',20070039,'2020-12-14 13:02:18',11450,0,11450,0,1,11450,1,''),('2020-12-16 11:23:01','A12000003',20070039,'2020-12-16 11:23:01',12000,0,12000,0,1,12000,1,''),('2020-12-16 11:25:44','1',20070039,'2020-12-16 11:25:44',15000,0,15000,15000,0,0,0,''),('2020-12-16 12:11:04','A12000009',20070039,'2020-12-16 12:11:04',75000,0,75000,75000,0,0,0,''),('2020-12-17 15:25:50','A12000032',20070039,'2020-12-17 15:25:50',78167,0,78167,0,1,78167,1,''),('2020-12-17 15:29:28','1',20070039,'2020-12-17 15:29:28',90000,0,90000,90000,0,0,0,''),('2020-12-17 15:31:47','1',20070039,'2020-12-17 15:31:47',57000,0,57000,57000,0,0,0,''),('2020-12-18 11:39:36','A12000010',20100047,'2020-12-18 11:39:36',135000,0,135000,135000,0,0,0,''),('2020-12-18 13:53:01','A12000005',20100047,'2020-12-18 13:53:01',103000,0,103000,103000,0,0,0,''),('2020-12-21 11:20:05','A12000031',20070039,'2020-12-21 11:20:05',26000,0,26000,50000,0,0,0,''),('2020-12-22 12:30:37','A12000005',20100002,'2020-12-22 12:30:37',103000,0,103000,103000,0,0,0,''),('2020-12-29 12:26:12','A12000021',20100047,'2020-12-29 12:26:12',115000,0,115000,120000,0,0,0,''),('2020-12-29 12:37:36','A12000053',20100047,'2020-12-29 12:37:36',125000,0,125000,0,1,125000,1,''),('2021-01-06 12:58:27','A12000053',20070039,'2021-01-06 12:58:27',46500,0,46500,0,1,46500,1,''),('2021-01-07 15:51:58','A12000001',20070039,'2021-01-07 15:51:58',113000,0,113000,0,1,113000,1,''),('2021-01-07 16:00:31','A12000032',20070039,'2021-01-07 16:00:31',151082,0,151082,0,1,151082,1,''),('2021-01-07 16:04:39','A12000074',20070039,'2021-01-07 16:04:39',206000,0,206000,0,1,206000,1,''),('2021-01-07 16:05:51','A12000071',20070039,'2021-01-07 16:05:51',56000,0,56000,0,1,56000,1,''),('2021-01-12 13:20:09','A12000005',20100047,'2021-01-12 13:20:09',103000,0,103000,103000,0,0,0,''),('2021-01-14 13:30:52','A12000032',20070039,'2021-01-14 13:30:52',51500,0,51500,0,1,51500,1,''),('2021-01-15 11:51:09','A12000004',20100047,'2021-01-15 11:51:09',63987,0,63987,63987,0,0,0,''),('2021-01-19 10:07:48','A12000025',20070039,'2021-01-19 10:07:48',202500,0,202500,202500,0,0,0,''),('2021-01-19 10:08:48','A12000009',20070039,'2021-01-19 10:08:48',73000,0,73000,0,1,73000,1,''),('2021-01-19 10:12:14','A12000079',20070039,'2021-01-19 10:12:14',389000,0,389000,0,1,389000,1,''),('2021-01-19 10:12:48','A12000005',20070039,'2021-01-19 10:12:48',104000,0,104000,104000,0,0,0,''),('2021-01-19 10:14:21','A12000004',20070039,'2021-01-19 10:14:21',206100,0,206100,0,1,206100,1,''),('2021-01-19 10:59:53','A12000025',20070039,'2021-01-19 10:59:53',60000,0,60000,60000,0,0,0,''),('2021-01-28 15:06:45','A12000003',20070039,'2021-01-28 15:06:45',107000,0,107000,0,1,107000,1,''),('2021-02-03 12:38:41','A12000053',20100047,'2021-02-03 12:38:41',137500,0,137500,0,1,137500,1,''),('2021-02-03 12:47:55','A12000074',20100047,'2021-02-03 12:47:55',217500,0,217500,0,1,217500,1,''),('2021-02-03 13:08:36','A12000005',20100047,'2021-02-03 13:08:36',11500,0,11500,11500,0,0,0,''),('2021-02-16 15:11:24','A12000079',20070039,'2021-02-16 15:11:24',390500,0,390500,0,0,390500,1,''),('2021-02-16 15:32:34','A12000053',20070039,'2021-02-16 15:32:34',13000,0,13000,0,1,13000,1,''),('2021-02-16 15:35:30','A12000032',20070039,'2021-02-16 15:35:30',25000,0,25000,0,1,25000,1,''),('2021-02-16 15:48:45','A12000001',20070039,'2021-02-16 15:48:45',113000,0,113000,0,1,113000,1,''),('2021-02-19 11:33:31','A12000013',20100047,'2021-02-19 11:33:31',30000,0,30000,0,1,30000,1,''),('2021-02-19 14:08:59','A12000032',20100047,'2021-02-19 14:08:59',52000,0,52000,0,1,52000,1,''),('2021-02-26 15:24:31','A12000004',20100047,'2021-02-26 15:24:31',169500,0,169500,0,1,169500,1,''),('2021-02-26 15:50:01','A12000013',20100047,'2021-02-26 15:50:01',35000,0,35000,0,1,35000,1,''),('2021-02-26 15:50:58','A12000010',20100047,'2021-02-26 15:50:58',70000,0,70000,0,1,70000,1,''),('2021-02-26 16:14:43','A12000061',20100047,'2021-02-26 16:14:43',92434,0,92434,0,1,92434,1,''),('2021-03-04 15:15:55','A12000013',20070039,'2021-03-04 15:15:55',45000,0,45000,0,1,45000,1,''),('2021-03-04 15:20:10','A12000074',20070039,'2021-03-04 15:20:10',196500,0,196500,0,1,196500,1,''),('2021-03-10 11:20:32','A12000084',20100047,'2021-03-10 11:20:32',56000,0,56000,0,1,0,0,''),('2021-03-18 15:32:24','A12000061',20100002,'2021-03-18 15:32:24',161900,0,161900,0,1,0,0,''),('2021-03-18 15:37:16','A12000061',20100002,'2021-03-18 15:37:16',12000,0,12000,50000,0,0,0,''),('2021-03-18 15:46:26','A12000003',20100002,'2021-03-18 15:46:26',73700,0,73700,0,1,0,0,''),('2021-03-18 17:04:32','A12000025',20070039,'2021-03-18 17:04:32',247000,0,247000,247000,0,0,0,''),('2021-03-19 11:04:02','A12000005',20100047,'2021-03-19 11:04:02',102800,0,102800,0,1,0,0,''),('2021-03-23 15:21:21','A12000079',20070039,'2021-03-23 15:21:21',415000,0,415000,0,1,0,0,''),('2021-03-25 14:15:54','A12000009',20100047,'2021-03-25 14:15:54',60000,0,60000,0,1,0,0,'');

/*Table structure for table `sales_details` */

DROP TABLE IF EXISTS `sales_details`;

CREATE TABLE `sales_details` (
  `ID` int(10) unsigned NOT NULL auto_increment,
  `SalesID` datetime NOT NULL,
  `ProductID` varchar(20) NOT NULL,
  `UnitPrice` double unsigned NOT NULL default '0',
  `OrderPrice` double NOT NULL default '0',
  `Quantity` double unsigned NOT NULL default '1',
  `Discount` float unsigned NOT NULL default '0',
  PRIMARY KEY  (`ID`),
  UNIQUE KEY `Uidx_OrderID_ProductID` (`SalesID`,`ProductID`),
  KEY `FK_order_details_productid` (`ProductID`),
  CONSTRAINT `FK_sales_details_productid` FOREIGN KEY (`ProductID`) REFERENCES `products` (`ProductID`)
) ENGINE=InnoDB AUTO_INCREMENT=294 DEFAULT CHARSET=utf8;

/*Data for the table `sales_details` */

insert  into `sales_details`(`ID`,`SalesID`,`ProductID`,`UnitPrice`,`OrderPrice`,`Quantity`,`Discount`) values (1,'2020-10-22 17:16:47','1001',21000,21000,1,0),(2,'2020-10-22 17:18:10','1001',21000,21000,1,0),(3,'2020-10-22 17:19:14','1001',21000,21000,1,0),(4,'2020-10-22 17:20:54','1007',52000,52000,2,0),(5,'2020-10-22 17:21:49','1005',59000,56500,1,0),(6,'2020-10-22 17:21:49','1006',51500,51500,1,0),(7,'2020-11-04 11:57:43','1004',14300,14300,1,0),(8,'2020-11-04 11:57:43','1003',5517,5517,2,0),(9,'2020-11-04 11:57:43','1001',21000,21000,1,0),(10,'2020-11-04 12:16:20','1001',21000,21000,1,0),(11,'2020-11-04 12:24:28','1002',11500,11500,3,0),(12,'2020-11-04 12:24:28','1008',17800,17800,2,0),(13,'2020-11-04 12:24:28','1001',21000,21000,1,0),(14,'2020-11-04 12:28:11','1005',56500,56500,1,0),(15,'2020-11-04 12:28:11','1001',21000,21000,1,0),(18,'2020-11-04 12:35:44','1003',6500,5517,4,0),(19,'2020-11-04 12:35:44','1004',16000,14300,3,0),(20,'2020-11-10 11:33:15','1003',6500,5517,5,0),(21,'2020-11-10 11:33:15','1004',16000,14300,5,0),(22,'2020-11-10 11:33:15','1002',12000,11500,3,0),(23,'2020-11-10 11:33:15','1007',55000,52000,2,0),(24,'2020-11-10 11:37:03','1007',55000,52000,2,0),(25,'2020-11-10 11:37:03','1004',16000,14300,2,0),(26,'2020-11-10 11:37:03','1002',12000,11500,2,0),(27,'2020-11-10 11:37:03','1008',19000,17800,1,0),(28,'2020-11-10 12:46:35','1006',54000,51500,2,0),(29,'2020-11-10 13:13:11','1007',52000,52000,1,0),(30,'2020-11-10 13:19:22','1005',56500,56500,2,0),(31,'2020-11-10 13:19:22','1004',14300,14300,1,0),(32,'2020-11-12 15:23:57','1001',21000,21000,1,0),(33,'2020-11-12 15:23:57','1002',11500,11500,1,0),(34,'2020-11-12 15:29:54','1006',54000,51500,2,0),(35,'2020-11-12 15:29:54','1002',12000,11500,1,0),(36,'2020-11-12 15:43:03','1002',11500,11500,1,0),(37,'2020-11-12 15:43:03','1006',51500,51500,1,0),(38,'2020-11-12 15:46:32','1005',59000,56500,1,0),(39,'2020-11-12 15:46:32','1006',54000,51500,2,0),(40,'2020-11-18 12:05:13','1007',56000,51100,2,0),(41,'2020-11-18 12:05:13','1021',22000,19000,1,0),(42,'2020-11-19 11:11:12','1027',12000,10000,1,0),(43,'2020-11-19 11:15:28','1027',12000,10000,3,0),(44,'2020-11-19 11:15:28','1026',7500,5000,1,0),(45,'2020-11-19 11:42:46','1018',15473,15473,1,0),(46,'2020-11-19 11:42:46','1015',17718,17718,1,0),(47,'2020-11-19 11:42:46','1017',8596,8596,1,0),(48,'2020-11-19 11:42:46','1014',4585,4585,2,0),(49,'2020-11-19 11:42:46','1016',4871,4871,1,0),(50,'2020-11-19 11:42:46','1005',53965,53965,1,0),(51,'2020-11-19 11:50:58','1005',53965,53965,2,0),(52,'2020-11-19 11:50:58','1010',24038,24038,2,0),(53,'2020-11-19 11:50:58','1011',13993,13993,1,0),(54,'2020-11-19 11:50:58','1018',15473,15473,1,0),(55,'2020-11-19 11:50:58','1003',5150,5150,1,0),(56,'2020-11-19 12:08:16','1003',6500,5150,1,0),(57,'2020-11-19 12:08:16','1004',15000,13659,1,0),(58,'2020-11-19 12:08:16','1006',55000,49667,1,0),(59,'2020-11-19 12:10:45','1002',12000,11500,3,0),(61,'2020-11-19 12:13:36','1002',12000,11500,3,0),(62,'2020-11-19 12:16:03','1024',19000,19000,1,0),(63,'2020-11-19 12:16:03','1019',6000,6000,2,0),(69,'2020-11-19 12:30:43','1020',21000,21000,1,0),(70,'2020-11-19 12:30:43','1019',6000,6000,1,0),(71,'2020-11-19 12:33:33','1024',22000,19000,1,0),(72,'2020-11-19 12:33:33','1002',12000,11500,1,0),(73,'2020-11-19 12:35:06','1024',22000,19000,1,0),(74,'2020-11-19 15:02:33','1025',15000,12000,2,0),(75,'2020-11-19 15:08:09','1025',15000,12000,1,0),(76,'2020-11-19 15:53:59','1002',12000,11500,0,0),(82,'2020-11-19 16:00:14','1019',6000,6000,4,0),(83,'2020-11-19 16:00:14','1020',21000,21000,1,0),(84,'2020-11-19 16:00:14','1025',12000,12000,1,0),(85,'2020-11-19 16:00:14','1026',5000,5000,3,0),(86,'2020-11-19 16:00:14','1027',10000,10000,1,0),(87,'2020-11-19 16:00:14','1028',7500,7500,2,0),(90,'2020-11-19 16:27:04','1002',12000,11500,1,0),(91,'2020-11-19 16:27:04','1029',18000,16000,1,0),(92,'2020-11-19 16:29:54','1019',9000,6000,3,0),(93,'2020-11-19 16:33:04','1027',12000,10000,1,0),(94,'2020-11-19 16:38:45','1026',5000,5000,1,0),(95,'2020-11-19 16:38:45','1028',10000,7500,0,0),(96,'2020-11-19 16:38:45','1025',15000,12000,1,0),(97,'2020-11-19 16:48:28','1020',21000,21000,1,0),(98,'2020-11-20 13:06:54','1007',51100,51100,2,0),(99,'2020-11-23 16:04:46','1020',21000,21000,1,0),(100,'2020-11-25 12:24:49','1030',8,6,6000,0),(102,'2020-11-25 12:32:45','1006',49667,49667,1,0),(103,'2020-11-26 11:39:15','1002',12000,11500,1,0),(104,'2020-11-26 11:39:15','1009',1000,0,1,0),(105,'2020-11-26 11:39:15','1030',8,6,2000,0),(107,'2020-11-26 11:58:21','1006',55000,49667,1,0),(108,'2020-11-26 11:58:21','1012',13500,12114,1,0),(109,'2020-11-26 12:12:21','1013',23750,23750,1,0),(110,'2020-11-26 12:14:17','1030',6,6,6000,0),(111,'2020-11-26 12:15:04','1030',8,6,4000,0),(112,'2020-11-26 12:16:15','1030',8,6,1000,0),(113,'2020-11-26 12:17:08','1030',8,6,2000,0),(114,'2020-11-26 12:45:37','1006',55000,49667,4,0),(115,'2020-11-26 12:45:37','1010',28500,24038,1,0),(116,'2020-11-26 12:45:37','1004',15000,13659,2,0),(117,'2020-11-26 12:45:37','1008',19000,17800,1,0),(118,'2020-11-26 12:45:37','1003',6500,5150,2,0),(119,'2020-11-26 12:45:37','1030',8,6,3000,0),(120,'2020-11-26 12:45:37','1031',13000,11000,1,0),(121,'2020-11-26 12:45:37','1014',5000,4585,1,0),(133,'2020-11-26 16:08:05','1030',8,6,3600,0),(134,'2020-11-26 16:09:56','1030',6,6,1400,0),(135,'2020-11-26 16:12:11','1030',6,6,2300,0),(136,'2020-11-26 17:03:20','1033',12000,12000,1,0),(137,'2020-11-27 11:42:33','1002',11500,11500,1,0),(138,'2020-11-27 11:42:33','1033',12000,12000,1,0),(139,'2020-12-01 10:46:29','1007',56000,51100,1,0),(140,'2020-12-01 10:46:29','1002',12000,11500,3,0),(141,'2020-12-01 10:46:29','1009',1000,0,3,0),(142,'2020-12-01 10:49:13','1005',53965,53965,3,0),(143,'2020-12-01 10:49:13','1018',15473,15473,2,0),(144,'2020-12-01 10:49:13','1002',11500,11500,2,0),(145,'2020-12-01 10:49:13','1010',24038,24038,1,0),(146,'2020-12-01 10:49:13','1003',5150,5150,1,0),(147,'2020-12-01 11:26:34','1033',15000,12000,1,0),(148,'2020-12-01 11:31:08','1031',13000,11000,1,0),(149,'2020-12-01 11:44:27','1003',5150,5150,1,0),(150,'2020-12-01 11:44:27','1039',5000,5000,2,0),(151,'2020-12-01 11:44:27','1026',5000,5000,1,0),(152,'2020-12-01 11:44:27','1004',13659,13659,1,0),(153,'2020-12-01 11:46:03','1002',11500,11500,1,0),(154,'2020-12-01 11:46:03','1005',53965,53965,1,0),(155,'2020-12-01 11:46:03','1010',24038,24038,1,0),(156,'2020-12-01 11:47:57','1005',60000,53965,3,0),(157,'2020-12-01 11:47:57','1002',12000,11500,2,0),(158,'2020-12-01 11:47:57','1009',1000,0,2,0),(159,'2020-12-01 11:47:57','1003',6500,5150,2,0),(160,'2020-12-01 12:02:06','1007',56000,51100,1,0),(161,'2020-12-01 13:15:04','1045',110000,100000,1,0),(162,'2020-12-02 11:55:41','1002',11500,11500,3,0),(163,'2020-12-02 11:55:41','1007',51100,51100,1,0),(164,'2020-12-02 12:14:14','1027',12000,10000,1,0),(165,'2020-12-02 12:37:06','1034',5000,5000,2,0),(166,'2020-12-02 12:37:06','1035',3000,3000,1,0),(167,'2020-12-02 12:55:31','1026',5000,5000,1,0),(168,'2020-12-03 11:47:00','1039',5000,5000,1,0),(169,'2020-12-03 11:47:00','1002',11500,11500,1,0),(170,'2020-12-03 11:49:52','1007',51100,51100,2,0),(171,'2020-12-03 11:50:50','1002',11500,11500,2,0),(172,'2020-12-03 12:49:08','1007',56000,51100,3,0),(173,'2020-12-03 12:49:08','1002',12000,11500,1,0),(174,'2020-12-03 12:57:36','1029',18000,16000,3,0),(175,'2020-12-04 12:02:27','1035',3000,3000,3,0),(176,'2020-12-04 12:10:10','1007',56000,51100,1,0),(177,'2020-12-04 12:10:10','1008',19000,17800,1,0),(178,'2020-12-04 12:10:10','1026',7500,5000,1,0),(179,'2020-12-04 15:08:10','1002',11500,11500,1,0),(180,'2020-12-08 11:51:13','1029',18000,16000,1,0),(181,'2020-12-08 11:57:53','1033',15000,12000,1,0),(182,'2020-12-08 11:57:53','1036',10000,7500,1,0),(183,'2020-12-08 12:02:22','1028',10000,7500,2,0),(184,'2020-12-08 12:05:54','1033',15000,12000,2,0),(185,'2020-12-08 12:05:54','1002',12000,11500,1,0),(186,'2020-12-10 11:56:55','1038',15000,12000,1,0),(187,'2020-12-10 11:58:31','1038',15000,12000,1,0),(188,'2020-12-10 12:00:56','1038',15000,12000,1,0),(189,'2020-12-10 12:00:56','1025',15000,12000,1,0),(190,'2020-12-10 12:03:00','1035',3000,3000,2,0),(191,'2020-12-10 17:09:09','1025',15000,12000,2,0),(192,'2020-12-10 17:09:09','1033',15000,12000,1,0),(193,'2020-12-10 17:21:07','1010',28500,25667,4,0),(194,'2020-12-10 17:23:32','1049',18150,18150,1,0),(195,'2020-12-10 17:23:55','1007',52500,52500,1,0),(196,'2020-12-11 11:58:18','1007',56000,52500,2,0),(197,'2020-12-14 13:02:18','1050',11450,11450,1,0),(198,'2020-12-16 11:23:01','1033',12000,12000,1,0),(199,'2020-12-16 11:25:44','1033',15000,12000,1,0),(200,'2020-12-16 12:11:04','1005',60000,56500,1,0),(201,'2020-12-16 12:11:04','1004',15000,13659,1,0),(202,'2020-12-17 15:25:50','1007',52500,52500,1,0),(203,'2020-12-17 15:25:50','1010',25667,25667,1,0),(204,'2020-12-17 15:29:28','1007',56000,52500,1,0),(205,'2020-12-17 15:29:28','1008',19000,17800,1,0),(206,'2020-12-17 15:29:28','1011',15000,13993,1,0),(207,'2020-12-17 15:31:47','1033',15000,12000,3,0),(208,'2020-12-17 15:31:47','1002',12000,11500,1,0),(209,'2020-12-18 11:39:36','1005',60000,56500,2,0),(210,'2020-12-18 11:39:36','1033',15000,12000,1,0),(211,'2020-12-18 13:53:01','1006',51500,51500,2,0),(212,'2020-12-21 11:20:05','1031',13000,11000,2,0),(213,'2020-12-22 12:30:37','1006',51500,51500,2,0),(214,'2020-12-29 12:26:12','1005',60000,56500,1,0),(215,'2020-12-29 12:26:12','1006',55000,51500,1,0),(216,'2020-12-29 12:37:36','1006',55000,51500,2,0),(217,'2020-12-29 12:37:36','1033',15000,12000,1,0),(218,'2021-01-06 12:58:27','1014',5000,4585,1,0),(219,'2021-01-06 12:58:27','1010',28500,25667,1,0),(220,'2021-01-06 12:58:27','1031',13000,11000,1,0),(221,'2021-01-07 15:51:58','1005',56500,56500,2,0),(222,'2021-01-07 16:00:31','1049',18150,18150,1,0),(223,'2021-01-07 16:00:31','1003',5750,5750,1,0),(224,'2021-01-07 16:00:31','1004',13659,13659,1,0),(225,'2021-01-07 16:00:31','1013',23750,23750,1,0),(226,'2021-01-07 16:00:31','1005',56500,56500,1,0),(227,'2021-01-07 16:00:31','1018',15473,15473,1,0),(228,'2021-01-07 16:00:31','1008',17800,17800,1,0),(229,'2021-01-07 16:04:39','1005',60000,56500,3,0),(230,'2021-01-07 16:04:39','1048',13000,12500,2,0),(231,'2021-01-07 16:05:51','1003',6500,5750,4,0),(232,'2021-01-07 16:05:51','1004',15000,13659,2,0),(233,'2021-01-12 13:20:09','1006',51500,51500,2,0),(234,'2021-01-14 13:30:52','1006',51500,51500,1,0),(235,'2021-01-15 11:51:09','1048',13000,12500,2,0),(236,'2021-01-15 11:51:09','1014',4585,4585,1,0),(237,'2021-01-15 11:51:09','1003',5750,5750,1,0),(238,'2021-01-15 11:51:09','1011',13993,13993,1,0),(239,'2021-01-15 11:51:09','1004',13659,13659,1,0),(240,'2021-01-19 10:07:48','1054',55000,54000,3,0),(241,'2021-01-19 10:07:48','1051',12500,10950,3,0),(242,'2021-01-19 10:08:48','1005',60000,56500,1,0),(243,'2021-01-19 10:08:48','1048',13000,12500,1,0),(244,'2021-01-19 10:12:14','1007',56500,53500,5,0),(245,'2021-01-19 10:12:14','1055',27500,26967,2,0),(246,'2021-01-19 10:12:14','1048',13000,12500,3,0),(247,'2021-01-19 10:12:14','1051',12500,10950,1,0),(248,'2021-01-19 10:12:48','1006',52000,52000,2,0),(249,'2021-01-19 10:14:21','1005',56500,56500,3,0),(250,'2021-01-19 10:14:21','1052',25400,25400,1,0),(251,'2021-01-19 10:14:21','1053',11200,11200,1,0),(252,'2021-01-19 10:59:53','1005',60000,56500,1,0),(253,'2021-01-28 15:06:45','1007',53500,53500,2,0),(254,'2021-02-03 12:38:41','1006',55000,52000,2,0),(255,'2021-02-03 12:38:41','1055',27500,26967,1,0),(256,'2021-02-03 12:47:55','1006',55000,52000,3,0),(257,'2021-02-03 12:47:55','1002',12000,11500,2,0),(258,'2021-02-03 12:47:55','1052',28500,25400,1,0),(259,'2021-02-03 13:08:36','1002',11500,11500,1,0),(260,'2021-02-16 15:11:24','1052',28500,25400,1,0),(261,'2021-02-16 15:11:24','1055',27500,26967,3,0),(262,'2021-02-16 15:11:24','1007',56500,53500,3,0),(263,'2021-02-16 15:11:24','1006',55000,52000,2,0),(264,'2021-02-16 15:32:34','1031',13000,11000,1,0),(265,'2021-02-16 15:35:30','1048',12500,12500,2,0),(266,'2021-02-16 15:48:45','1005',56500,56500,2,0),(267,'2021-02-19 11:33:31','1033',15000,12000,2,0),(268,'2021-02-19 14:08:59','1006',52000,52000,1,0),(269,'2021-02-26 15:24:31','1005',56500,56500,3,0),(270,'2021-02-26 15:50:01','1056',14500,14100,1,0),(271,'2021-02-26 15:50:01','1057',20500,20400,1,0),(272,'2021-02-26 15:50:58','1006',55000,51250,1,0),(273,'2021-02-26 15:50:58','1004',15000,14300,1,0),(274,'2021-02-26 16:14:43','1052',25667,25667,2,0),(275,'2021-02-26 16:14:43','1004',14300,14300,2,0),(276,'2021-02-26 16:14:43','1048',12500,12500,1,0),(277,'2021-03-04 15:15:55','1033',15000,12000,3,0),(278,'2021-03-04 15:20:10','1006',56000,51250,3,0),(279,'2021-03-04 15:20:10','1052',28500,25667,1,0),(280,'2021-03-10 11:20:32','1006',56000,51250,1,0),(281,'2021-03-18 15:32:24','1005',55250,55250,2,0),(282,'2021-03-18 15:32:24','1052',25700,25700,2,0),(283,'2021-03-18 15:37:16','1033',12000,12000,1,0),(284,'2021-03-18 15:46:26','1059',3900,3900,3,0),(285,'2021-03-18 15:46:26','1060',1500,1500,3,0),(286,'2021-03-18 15:46:26','1061',2800,2800,2,0),(287,'2021-03-18 15:46:26','1054',51900,51900,1,0),(288,'2021-03-18 17:04:32','1054',55000,51900,4,0),(289,'2021-03-18 17:04:32','1058',27000,25583,1,0),(290,'2021-03-19 11:04:02','1007',51400,51400,2,0),(291,'2021-03-23 15:21:21','1006',56000,50750,5,0),(292,'2021-03-23 15:21:21','1058',27000,25583,5,0),(293,'2021-03-25 14:15:54','1005',60000,55250,1,0);

/*Table structure for table `sales_details_edit` */

DROP TABLE IF EXISTS `sales_details_edit`;

CREATE TABLE `sales_details_edit` (
  `ID` int(10) unsigned NOT NULL auto_increment,
  `SalesID` varchar(20) NOT NULL,
  `ProductID` varchar(20) NOT NULL,
  `UnitPrice` double unsigned NOT NULL default '0',
  `OrderPrice` double NOT NULL default '0',
  `Quantity` double unsigned NOT NULL default '1',
  `Discount` float unsigned NOT NULL default '0',
  PRIMARY KEY  (`ID`),
  UNIQUE KEY `Uidx_OrderID_ProductID` (`SalesID`,`ProductID`),
  KEY `FK_order_details_productid` (`ProductID`)
) ENGINE=InnoDB AUTO_INCREMENT=90 DEFAULT CHARSET=utf8;

/*Data for the table `sales_details_edit` */

insert  into `sales_details_edit`(`ID`,`SalesID`,`ProductID`,`UnitPrice`,`OrderPrice`,`Quantity`,`Discount`) values (16,'2020-11-04 12:30:55','1002',11500,11500,1,0),(17,'2020-11-04 12:30:55','1005',56500,56500,1,0),(60,'2020-11-19 12:11:57','1002',11500,11500,3,0),(64,'2020-11-19 12:21:18','1028',7500,7500,3,0),(65,'2020-11-19 12:21:18','1019',6000,6000,4,0),(66,'2020-11-19 12:21:18','1026',5000,5000,3,0),(67,'2020-11-19 12:21:18','1020',21000,21000,1,0),(68,'2020-11-19 12:21:18','1025',12000,12000,1,0),(77,'2020-11-19 15:58:58','1019',6000,6000,4,0),(78,'2020-11-19 15:58:58','1020',21000,21000,1,0),(79,'2020-11-19 15:58:58','1025',12000,12000,1,0),(80,'2020-11-19 15:58:58','1026',5000,5000,3,0),(81,'2020-11-19 15:58:58','1027',12000,10000,1,0),(88,'2020-11-19 16:23:13','1026',5000,5000,1,0),(89,'2020-11-19 16:23:13','1028',7500,7500,1,0);

/*Table structure for table `sales_edit` */

DROP TABLE IF EXISTS `sales_edit`;

CREATE TABLE `sales_edit` (
  `SalesID` varchar(20) NOT NULL,
  `CustomerID` varchar(20) character set utf8 collate utf8_unicode_ci NOT NULL default '',
  `EmployeeID` int(10) unsigned NOT NULL,
  `SaleDate` datetime NOT NULL,
  `SubTotal` double default '0',
  `DiskonTransaksi` double default '0',
  `GrandTotalSale` double default '0',
  `Tunai` double default '0',
  `JmlAngsuran` int(10) default '0',
  `Potongan_Piutang` double default '0',
  `Angsuran` int(11) default '0',
  PRIMARY KEY  (`SalesID`),
  KEY `FK_orders_employeeid` (`EmployeeID`),
  KEY `FK_orders_customer_id` (`CustomerID`)
) ENGINE=InnoDB DEFAULT CHARSET=utf8;

/*Data for the table `sales_edit` */

insert  into `sales_edit`(`SalesID`,`CustomerID`,`EmployeeID`,`SaleDate`,`SubTotal`,`DiskonTransaksi`,`GrandTotalSale`,`Tunai`,`JmlAngsuran`,`Potongan_Piutang`,`Angsuran`) values ('2020-11-04 12:30:55','A12000005',20100002,'2020-11-04 12:30:55',68000,0,68000,68000,0,0,0),('2020-11-19 12:11:57','A12000001',20070039,'2020-11-19 12:11:57',34500,0,34500,34500,0,0,0),('2020-11-19 12:21:18','A12000061',20070039,'2020-11-19 12:21:18',94500,0,94500,0,1,0,0),('2020-11-19 15:58:58','A12000061',20070039,'2020-11-19 15:58:58',106500,0,106500,0,1,0,0),('2020-11-19 16:23:13','A12000003',20070039,'2020-11-19 16:23:13',12500,0,12500,0,1,0,0);

/*Table structure for table `shippers` */

DROP TABLE IF EXISTS `shippers`;

CREATE TABLE `shippers` (
  `ShipperID` int(10) unsigned NOT NULL auto_increment,
  `CompanyName` varchar(40) character set utf8 collate utf8_unicode_ci NOT NULL default '',
  `Phone` varchar(24) character set utf8 collate utf8_unicode_ci NOT NULL default '',
  PRIMARY KEY  (`ShipperID`)
) ENGINE=InnoDB DEFAULT CHARSET=utf8;

/*Data for the table `shippers` */

/*Table structure for table `stock_awal` */

DROP TABLE IF EXISTS `stock_awal`;

CREATE TABLE `stock_awal` (
  `ProductID` varchar(20) character set utf8 NOT NULL,
  `ProductName` varchar(20) default NULL,
  `Qty` double default NULL,
  `UnitPrice` double default NULL,
  PRIMARY KEY  (`ProductID`),
  CONSTRAINT `FK_stock_awal` FOREIGN KEY (`ProductID`) REFERENCES `products` (`ProductID`) ON UPDATE CASCADE
) ENGINE=InnoDB DEFAULT CHARSET=latin1;

/*Data for the table `stock_awal` */

insert  into `stock_awal`(`ProductID`,`ProductName`,`Qty`,`UnitPrice`) values ('1001','Telor Coklat',0,21000),('1002','Gula Krebet',0,11500),('1003','Pepsoden White 120g',0,5950),('1004','Sunlight JN R 755',0,14800),('1005','Beras Lahap Lele 5',0,56500),('1006','Beras Lahap Premi 5',0,52000),('1007','Beras Mentari 5Kg',0,52000),('1008','Rinso Anti Noda 770 ',0,17800),('1009','Rinso Anti Noda 44g',0,0),('1010','Myk Grng Bimoli 2L',0,24038),('1011','WIPOL Lemon 780',0,13993),('1012','VIXAL Blue 500ml',0,12114),('1013','Shinzui Sabun 500ml',0,23750),('1014','Safari Meses wrn100g',0,4585),('1015','SSCB Belibis 340ml',0,17718),('1016','Sasa tpg bumbu kc225',0,4871),('1017','Kraft KJ Cedar 75',0,8596),('1018','So Klin Cair VioR800',0,15473),('1019','Pisang Tanduk',0,6000),('1020','Pisang Ambon Besar',0,21000),('1021','Pisang Ambon Sedang',0,19000),('1022','Pisang Ambon Kecil',0,17000),('1023','Pisang Tanduk',0,6000),('1024','Pisang Susu Besar',0,19000),('1025','Pisang Susu Sedang',0,12000),('1026','Pisang Mas',0,5000),('1027','Pisang Ijo Besar',0,10000),('1028','Pisang Ijo Sedang',0,7500),('1029','Kopi Roubusta',0,16000),('1030','Salak Pondo',0,6000),('1031','Hand Sanitizer50ml',0,11000),('1032','Hand Sanitizer 10ml',0,6000),('1033','Jahe Merah Aslama',0,12000),('1034','Pisang Tanduk 8K',0,5000),('1035','Pisang Tanduk 6K',0,3000),('1036','Pisang Candi 10K',0,7500),('1037','Pisang Susu 10K',0,6000),('1038','Pisang Susu 15K (2)',0,12000),('1039','Pisang Mas 8.5K',0,5000),('1040','Pisang Candi 13K',0,10000),('1041','Pisang Candi 17K',0,10000),('1042','Pisang Mas 11K',0,8000),('1044','Pisang Ijo Kecil 7K',0,0),('1045','Polo Black Shirt',0,100000),('1048','Gulaku 1Kg',0,12500),('1049','Saus Cabe 2Belibis ',0,18150),('1050','Sambel Bawang',0,11450),('1051','Energen Choco 10x29g',0,10950),('1052','Filma 2lt',0,25400),('1053','Bango Kecap 220',0,11200),('1054','Beras Sania 5kg',0,54000),('1055','Rosebrand Minyak 2lt',0,26967),('1056','Coklat Silverqueen',0,14100),('1057','Pringles Original',0,20400),('1058','Minyak Goreng Frais',0,25583),('1059','Kantong Plastik HTM',0,3900),('1060','Tictas Kanton 10x17',0,1500),('1061','Tictas Kanton 12x24',0,2800);

/*Table structure for table `suppliers` */

DROP TABLE IF EXISTS `suppliers`;

CREATE TABLE `suppliers` (
  `SupplierID` int(10) unsigned NOT NULL auto_increment,
  `CompanyName` varchar(40) character set utf8 collate utf8_unicode_ci NOT NULL default '',
  `ContactName` varchar(30) character set utf8 collate utf8_unicode_ci default '',
  `ContactTitle` varchar(30) character set utf8 collate utf8_unicode_ci default '',
  `Address` varchar(60) character set utf8 collate utf8_unicode_ci default '',
  `City` varchar(15) character set utf8 collate utf8_unicode_ci default '',
  `Region` varchar(15) character set utf8 collate utf8_unicode_ci default '',
  `PostalCode` varchar(10) character set utf8 collate utf8_unicode_ci default '',
  `Country` varchar(15) character set utf8 collate utf8_unicode_ci default '',
  `Phone` varchar(24) character set utf8 collate utf8_unicode_ci default '',
  `Fax` varchar(24) character set utf8 collate utf8_unicode_ci default '',
  `HomePage` varchar(255) default '',
  PRIMARY KEY  (`SupplierID`),
  KEY `idx_suppliers_product_name` (`CompanyName`),
  KEY `idx_suppliers_postalcode` (`PostalCode`)
) ENGINE=InnoDB AUTO_INCREMENT=12 DEFAULT CHARSET=utf8;

/*Data for the table `suppliers` */

insert  into `suppliers`(`SupplierID`,`CompanyName`,`ContactName`,`ContactTitle`,`Address`,`City`,`Region`,`PostalCode`,`Country`,`Phone`,`Fax`,`HomePage`) values (1,'No_Supplier','No_Supplier','','','','','','','','',''),(2,'Pak Billy Lakharci','Pak Billy Lakharci','Anggota Koperasi','','','','','','081615811519','',''),(3,'Ibu Vera','Ibu Vera','Anggota Koperasi','','','','','','082139721847','',''),(4,'Toko Andhik','Andhik','Vendor','','','','','','','',''),(5,'Ibu Henny','Ibu Henny','Anggota Koperasi','','','','','','081334545576','',''),(6,'Indogrosir','Indogrosir','Indogrosir','','','','','','','',''),(7,'Toko Ratu','Pak Subi','Sales','','','','','','','',''),(8,'Moh Sueb Cahyono','Sueb','Pemilik','','','','','','','',''),(9,'Harijanto','Harijanto','Owner','','','','','','','',''),(10,'Dhatu Sitaresmi','Datu','Dosen','','','','','','','',''),(11,'BPUU','Pak Teguh','BPUU','Universitas Ma Chung','','','','','','','');

/*Table structure for table `temporary_jurnal` */

DROP TABLE IF EXISTS `temporary_jurnal`;

CREATE TABLE `temporary_jurnal` (
  `No` int(11) NOT NULL,
  `Perkiraan` varchar(13) NOT NULL,
  `Nama_Perkiraan` varchar(36) default NULL,
  `Debet` varchar(10000) default NULL,
  `Kredit` varchar(10000) default NULL,
  `Keterangan` varchar(30) default NULL,
  PRIMARY KEY  (`No`,`Perkiraan`)
) ENGINE=InnoDB DEFAULT CHARSET=latin1;

/*Data for the table `temporary_jurnal` */

/*Table structure for table `datastok` */

DROP TABLE IF EXISTS `datastok`;

/*!50001 DROP VIEW IF EXISTS `datastok` */;
/*!50001 DROP TABLE IF EXISTS `datastok` */;

/*!50001 CREATE TABLE `datastok` (
  `ProductID` varchar(20) character set utf8 NOT NULL,
  `Stok` double default NULL
) ENGINE=InnoDB DEFAULT CHARSET=latin1 */;

/*View structure for view datastok */

/*!50001 DROP TABLE IF EXISTS `datastok` */;
/*!50001 DROP VIEW IF EXISTS `datastok` */;

/*!50001 CREATE ALGORITHM=UNDEFINED DEFINER=`root`@`localhost` SQL SECURITY DEFINER VIEW `datastok` AS select `od`.`ProductID` AS `ProductID`,(sum(`od`.`Quantity`) - sum(`sd`.`Quantity`)) AS `Stok` from (`order_details` `od` join `sales_details` `sd` on((`od`.`ProductID` = `sd`.`ProductID`))) group by `od`.`ProductID` */;

/*!40101 SET SQL_MODE=@OLD_SQL_MODE */;
/*!40014 SET FOREIGN_KEY_CHECKS=@OLD_FOREIGN_KEY_CHECKS */;
